Branch Name,Company Name,SAP_CODE,Company Type,Brand,Part No,Part Description,Part Type,ASC_GOOD_STOCK,ASC_DEFECTIVE_STOCK,Engg Good Stock,Engg Defective Stock,Total Fresh Stock,Total Defective Stock,DAMAGE STOCK
"TTK PRESTIGE LTD, VIJAYAWADA",SRI SRINIVASA ENTERPRISES,1000025025,ASC,PRESTIGE,30709,PRESTIGE OMEGA SLT PLUS OT 250,PRODUCT,0,0,0,0,0,0,0
"TTK PRESTIGE LTD, VIJAYAWADA",SRI SRINIVASA ENTERPRISES,1000025025,ASC,PRESTIGE,30711,OMEGA SLT PLUS OT 300,PRODUCT,  ,0,0,0,  ,0,0
"TTK PRESTIGE LTD, VIJAYAWADA",SRI SRINIVASA ENTERPRISES,1000025025,ASC,PRESTIGE,40088,Prestige Magic Gas Stove GTMC 02,PRODUCT,  ,0,0,0,  ,0,0
"TTK PRESTIGE LTD, VIJAYAWADA",SRI SRINIVASA ENTERPRISES,1000025025,ASC,PRESTIGE,40291,GST 4B GLTOP MARVELPLUS GTM 04-Black-DMT,PRODUCT,0,0,0,0,0,0,0
"TTK PRESTIGE LTD, VIJAYAWADA",SRI SRINIVASA ENTERPRISES,1000025025,ASC,PRESTIGE,40398,Prestige Magic Plus GTMP 02 Burner,PRODUCT,0,0,0,0,0,0,0
"TTK PRESTIGE LTD, VIJAYAWADA",SRI SRINIVASA ENTERPRISES,1000025025,ASC,PRESTIGE,40573,Prestige Mystic 2B Hobtop PHTM 02,PRODUCT,  ,0,0,0,  ,0,0
"TTK PRESTIGE LTD, VIJAYAWADA",SRI SRINIVASA ENTERPRISES,1000025025,ASC,PRESTIGE,40575,Prestige Mystic 4BHobtop PHTM 04,PRODUCT,  ,0,0,0,  ,0,0
"TTK PRESTIGE LTD, VIJAYAWADA",SRI SRINIVASA ENTERPRISES,1000025025,ASC,PRESTIGE,40582,Desire Black Hobtop 2B PHTD 02 BLACK AI,PRODUCT,0,0,0,0,0,0,0
"TTK PRESTIGE LTD, VIJAYAWADA",SRI SRINIVASA ENTERPRISES,1000025025,ASC,PRESTIGE,40584,Desire Black Hobtop 4B PHTD 04 BLACK AI,PRODUCT,0,0,0,0,0,0,0
"TTK PRESTIGE LTD, VIJAYAWADA",SRI SRINIVASA ENTERPRISES,1000025025,ASC,PRESTIGE,40598,Prestige Efficia GlassTop Gas Stove 2B,PRODUCT,0,0,0,0,0,0,0
"TTK PRESTIGE LTD, VIJAYAWADA",SRI SRINIVASA ENTERPRISES,1000025025,ASC,PRESTIGE,41040,CITRUS JUICER PCTJ 3.0,PRODUCT,0,0,0,0,0,0,0
"TTK PRESTIGE LTD, VIJAYAWADA",SRI SRINIVASA ENTERPRISES,1000025025,ASC,PRESTIGE,41041,CITRUS JUICER PCTJ 4.0,PRODUCT,  ,0,0,0,  ,0,0
"TTK PRESTIGE LTD, VIJAYAWADA",SRI SRINIVASA ENTERPRISES,1000025025,ASC,PRESTIGE,41213,Prestige Wet Grinder PWG 07,PRODUCT,0,0,0,0,0,0,0
"TTK PRESTIGE LTD, VIJAYAWADA",SRI SRINIVASA ENTERPRISES,1000025025,ASC,PRESTIGE,41215,Prestige Wet Grinder PWG 08,PRODUCT,0,0,0,0,0,0,0
"TTK PRESTIGE LTD, VIJAYAWADA",SRI SRINIVASA ENTERPRISES,1000025025,ASC,PRESTIGE,41217,PRESTIGE WET GRINDER WITH TIMER PWG 9.0,PRODUCT,  ,0,0,0,  ,0,0
"TTK PRESTIGE LTD, VIJAYAWADA",SRI SRINIVASA ENTERPRISES,1000025025,ASC,PRESTIGE,41884,Prestige Pink Kettle PKPC 1.5L,PRODUCT,  ,0,0,0,  ,0,0
"TTK PRESTIGE LTD, VIJAYAWADA",SRI SRINIVASA ENTERPRISES,1000025025,ASC,PRESTIGE,62024,OLP SWITCH-PWR/PR/NK/EL/UL/SUR/SPRA/SOM,PART,0,0,0,0,0,0,0
"TTK PRESTIGE LTD, VIJAYAWADA",SRI SRINIVASA ENTERPRISES,1000025025,ASC,PRESTIGE,62026,ROTARY SWITCH DLX VS/DATL/BL N/BREZ/ATC,PART,0,0,0,0,0,0,0
"TTK PRESTIGE LTD, VIJAYAWADA",SRI SRINIVASA ENTERPRISES,1000025025,ASC,PRESTIGE,62032,WET BLADE DLX/TEZ/SUPRA/ENU/PR/DA/BRE/CL,PART,0,0,0,0,0,0,0
"TTK PRESTIGE LTD, VIJAYAWADA",SRI SRINIVASA ENTERPRISES,1000025025,ASC,PRESTIGE,62033,DRY BLADE DLX/DX/TEZ/ED/DAL/END/PRO/ATLC,PART,0,0,0,0,0,0,0
"TTK PRESTIGE LTD, VIJAYAWADA",SRI SRINIVASA ENTERPRISES,1000025025,ASC,PRESTIGE,62034,CHUT BLADE DLX/HRDX/SPRA/EDU/DLX ATL/BRE,PART,0,0,0,0,0,0,0
"TTK PRESTIGE LTD, VIJAYAWADA",SRI SRINIVASA ENTERPRISES,1000025025,ASC,PRESTIGE,62064,MOTOR COUPLER DL/LS/RY/TZ/SPRA/ED/SOM/OR,PART,0,0,0,0,0,0,0
"TTK PRESTIGE LTD, VIJAYAWADA",SRI SRINIVASA ENTERPRISES,1000025025,ASC,PRESTIGE,62065,JAR COUPLER DLX/DX/ROY/TZ/SPRA/ED/SOM/OR,PART,0,0,0,1,0,1,0
"TTK PRESTIGE LTD, VIJAYAWADA",SRI SRINIVASA ENTERPRISES,1000025025,ASC,PRESTIGE,62073,MOTOR DLX VS/LS/DLX ATL 750/BLUE NEW,PART,0,0,0,0,0,0,0
"TTK PRESTIGE LTD, VIJAYAWADA",SRI SRINIVASA ENTERPRISES,1000025025,ASC,PRESTIGE,62074,POWER CORD DL/DX/RY/SUPRA/D ATL/BLUE/ATC,PART,0,0,0,0,0,0,0
"TTK PRESTIGE LTD, VIJAYAWADA",SRI SRINIVASA ENTERPRISES,1000025025,ASC,PRESTIGE,62095,MIX.TUBE BIG-ROYAL,PART,0,0,0,0,0,0,0
"TTK PRESTIGE LTD, VIJAYAWADA",SRI SRINIVASA ENTERPRISES,1000025025,ASC,PRESTIGE,62096,MIX.TUBE BIG-AGNI,PART,0,0,0,0,0,0,0
"TTK PRESTIGE LTD, VIJAYAWADA",SRI SRINIVASA ENTERPRISES,1000025025,ASC,PRESTIGE,62106,BURNER-MEDIUM-AG/SH/SUP/ROYALE,PART,0,0,0,0,0,0,0
"TTK PRESTIGE LTD, VIJAYAWADA",SRI SRINIVASA ENTERPRISES,1000025025,ASC,PRESTIGE,62107,BURNER-SMALL-AG/SH/SUP/ROYALE,PART,0,0,0,0,0,0,0
"TTK PRESTIGE LTD, VIJAYAWADA",SRI SRINIVASA ENTERPRISES,1000025025,ASC,PRESTIGE,62108,BURNER-BIG-ROYALE/JAD 3B,PART,0,0,0,0,0,0,0
"TTK PRESTIGE LTD, VIJAYAWADA",SRI SRINIVASA ENTERPRISES,1000025025,ASC,PRESTIGE,62118,KNOB-AG/SH/EL/SL/FAME/AURA JUDGE,PART,0,0,0,0,0,0,0
"TTK PRESTIGE LTD, VIJAYAWADA",SRI SRINIVASA ENTERPRISES,1000025025,ASC,PRESTIGE,62121,KNOB RYL/GT/J/P/A/I/SUP/JAD/APL/IRPL/EFI,PART,0,0,0,0,0,0,0
"TTK PRESTIGE LTD, VIJAYAWADA",SRI SRINIVASA ENTERPRISES,1000025025,ASC,PRESTIGE,62158,GAS VALVE 30DEG W/O THREAD,PART,0,0,1,2,1,2,0
"TTK PRESTIGE LTD, VIJAYAWADA",SRI SRINIVASA ENTERPRISES,1000025025,ASC,PRESTIGE,62163,GAS VALVE 0-DEG STRAIGHT WITH THREAD,PART,0,0,0,0,0,0,0
"TTK PRESTIGE LTD, VIJAYAWADA",SRI SRINIVASA ENTERPRISES,1000025025,ASC,PRESTIGE,62165,GAS COCK/VALVE SPINDLE,PART,0,0,0,0,0,0,0
"TTK PRESTIGE LTD, VIJAYAWADA",SRI SRINIVASA ENTERPRISES,1000025025,ASC,PRESTIGE,62168,JET 58 L/H SVACH/NEO/SL SVC,PART,0,0,0,2,0,2,0
"TTK PRESTIGE LTD, VIJAYAWADA",SRI SRINIVASA ENTERPRISES,1000025025,ASC,PRESTIGE,62169,JET 77 L/H-M5/1BA SVACH/NEO/SL SVC,PART,0,0,0,1,0,1,0
"TTK PRESTIGE LTD, VIJAYAWADA",SRI SRINIVASA ENTERPRISES,1000025025,ASC,PRESTIGE,62170,JET 90 L/H SVACH/NEO/SL SVC,PART,0,0,0,2,0,2,0
"TTK PRESTIGE LTD, VIJAYAWADA",SRI SRINIVASA ENTERPRISES,1000025025,ASC,PRESTIGE,62171,PIPE NOZZLE GAS STOVE/EFFICIA,PART,0,0,0,0,0,0,0
"TTK PRESTIGE LTD, VIJAYAWADA",SRI SRINIVASA ENTERPRISES,1000025025,ASC,PRESTIGE,62173,REVLING NOZ RY/GT/M/ED/JAG/SUP/NEO/SL/PR,PART,0,0,0,2,0,2,0
"TTK PRESTIGE LTD, VIJAYAWADA",SRI SRINIVASA ENTERPRISES,1000025025,ASC,PRESTIGE,62187,RING WASHER SML-RYL/EDG/GT/J/GT/P/A/I,PART,0,0,0,0,0,0,0
"TTK PRESTIGE LTD, VIJAYAWADA",SRI SRINIVASA ENTERPRISES,1000025025,ASC,PRESTIGE,62188,RING WASHER MED-RY/ED/GT/J/P/A/I/JAG 09,PART,0,0,0,0,0,0,0
"TTK PRESTIGE LTD, VIJAYAWADA",SRI SRINIVASA ENTERPRISES,1000025025,ASC,PRESTIGE,62189,RING WASHER BIG RYL/SLK3/4/GT OLD TYPE,PART,0,0,0,0,0,0,0
"TTK PRESTIGE LTD, VIJAYAWADA",SRI SRINIVASA ENTERPRISES,1000025025,ASC,PRESTIGE,62195,RUBBER LEGS RY/GTJ/P/A/I/SUP/MP/ATPL/EFI,PART,0,0,12,0,12,0,0
"TTK PRESTIGE LTD, VIJAYAWADA",SRI SRINIVASA ENTERPRISES,1000025025,ASC,PRESTIGE,62210,DIAL PLATE TRAD GAS STOVE-ALL MODELS,PART,0,0,0,0,0,0,0
"TTK PRESTIGE LTD, VIJAYAWADA",SRI SRINIVASA ENTERPRISES,1000025025,ASC,PRESTIGE,62548,DRIP TRAY-SML GT/GTM/GTS/GTJ/GTP/GTA/GTI,PART,0,0,0,0,0,0,0
"TTK PRESTIGE LTD, VIJAYAWADA",SRI SRINIVASA ENTERPRISES,1000025025,ASC,PRESTIGE,62625,CONTROL PANEL PRC/SRC,PART,0,0,1,0,1,0,0
"TTK PRESTIGE LTD, VIJAYAWADA",SRI SRINIVASA ENTERPRISES,1000025025,ASC,PRESTIGE,62671,PCB ASSEMBLY PFL,PART,0,0,1,0,1,0,0
"TTK PRESTIGE LTD, VIJAYAWADA",SRI SRINIVASA ENTERPRISES,1000025025,ASC,PRESTIGE,62969,KEEP WARM COVER PRWC 1.8,PART,0,0,0,0,0,0,0
"TTK PRESTIGE LTD, VIJAYAWADA",SRI SRINIVASA ENTERPRISES,1000025025,ASC,PRESTIGE,62976,TRIVET PRWC/S 1.8/PRWO 1.8/CUTE 1.8,PART,0,0,0,0,0,0,0
"TTK PRESTIGE LTD, VIJAYAWADA",SRI SRINIVASA ENTERPRISES,1000025025,ASC,PRESTIGE,62980,POWER CORD PRWC/ALL MO//JRC 02/SMRT/NEW,PART,0,0,0,0,0,0,0
"TTK PRESTIGE LTD, VIJAYAWADA",SRI SRINIVASA ENTERPRISES,1000025025,ASC,PRESTIGE,62987,FUSE ALL RCK/JRC 02/SMRT/PRWO/CUTE SS,PART,0,0,0,0,0,0,0
"TTK PRESTIGE LTD, VIJAYAWADA",SRI SRINIVASA ENTERPRISES,1000025025,ASC,PRESTIGE,62994,SOCKET ALL RCK/JRC 02/SMRT/CUTE,PART,0,0,0,0,0,0,0
"TTK PRESTIGE LTD, VIJAYAWADA",SRI SRINIVASA ENTERPRISES,1000025025,ASC,PRESTIGE,62997,MAGNETIC THERMOSTAT ALL RCK/JR/SMRT/CUTE,PART,0,0,0,0,0,0,0
"TTK PRESTIGE LTD, VIJAYAWADA",SRI SRINIVASA ENTERPRISES,1000025025,ASC,PRESTIGE,63014,BURNER SMALL JWALA/GTMP 02/03/SS,PART,0,0,0,0,0,0,0
"TTK PRESTIGE LTD, VIJAYAWADA",SRI SRINIVASA ENTERPRISES,1000025025,ASC,PRESTIGE,63015,BURNER BIG JWALA/GTMP 02/03/SS,PART,0,0,0,0,0,0,0
"TTK PRESTIGE LTD, VIJAYAWADA",SRI SRINIVASA ENTERPRISES,1000025025,ASC,PRESTIGE,63024,PAN SUPPORT GT 02/03/04,PART,0,0,0,0,0,0,0
"TTK PRESTIGE LTD, VIJAYAWADA",SRI SRINIVASA ENTERPRISES,1000025025,ASC,PRESTIGE,63038,GAS VALVE30DEG RHSW/O THREAD/EFI,PART,0,0,0,0,0,0,0
"TTK PRESTIGE LTD, VIJAYAWADA",SRI SRINIVASA ENTERPRISES,1000025025,ASC,PRESTIGE,63039,GAS VALVE30DEG WITH THREAD,PART,0,0,0,0,0,0,0
"TTK PRESTIGE LTD, VIJAYAWADA",SRI SRINIVASA ENTERPRISES,1000025025,ASC,PRESTIGE,63044,GLASS FOR GT 02,PART,0,0,0,0,0,0,0
"TTK PRESTIGE LTD, VIJAYAWADA",SRI SRINIVASA ENTERPRISES,1000025025,ASC,PRESTIGE,63046,GLASS FOR GT 04,PART,0,0,0,0,0,0,0
"TTK PRESTIGE LTD, VIJAYAWADA",SRI SRINIVASA ENTERPRISES,1000025025,ASC,PRESTIGE,63102,SOLE PLATE PDI 01/02,PART,0,0,0,0,0,0,0
"TTK PRESTIGE LTD, VIJAYAWADA",SRI SRINIVASA ENTERPRISES,1000025025,ASC,PRESTIGE,63109,HEAT INSULATION PLATE PDI 02,PART,0,0,1,0,1,0,0
"TTK PRESTIGE LTD, VIJAYAWADA",SRI SRINIVASA ENTERPRISES,1000025025,ASC,PRESTIGE,63110,THERMOSTAT WITH FUSE PDI 02/CRU/SPRK/MAG,PART,0,0,0,0,0,0,0
"TTK PRESTIGE LTD, VIJAYAWADA",SRI SRINIVASA ENTERPRISES,1000025025,ASC,PRESTIGE,63285,ROLLER STONE SET WG T,PART,0,0,1,0,1,0,0
"TTK PRESTIGE LTD, VIJAYAWADA",SRI SRINIVASA ENTERPRISES,1000025025,ASC,PRESTIGE,63286,SUB ASSLY WITH OUT ROLLER STONE WG T,PART,0,0,1,0,1,0,0
"TTK PRESTIGE LTD, VIJAYAWADA",SRI SRINIVASA ENTERPRISES,1000025025,ASC,PRESTIGE,63289,ON/OFF SWITCH WG T,PART,0,0,0,0,0,0,0
"TTK PRESTIGE LTD, VIJAYAWADA",SRI SRINIVASA ENTERPRISES,1000025025,ASC,PRESTIGE,63296,MOTOR WG T/02/03/04/11,PART,0,0,0,0,0,0,0
"TTK PRESTIGE LTD, VIJAYAWADA",SRI SRINIVASA ENTERPRISES,1000025025,ASC,PRESTIGE,63298,CAPACITOR WG T,PART,0,0,0,0,0,0,0
"TTK PRESTIGE LTD, VIJAYAWADA",SRI SRINIVASA ENTERPRISES,1000025025,ASC,PRESTIGE,63299,BELT WG T,PART,0,0,0,0,0,0,0
"TTK PRESTIGE LTD, VIJAYAWADA",SRI SRINIVASA ENTERPRISES,1000025025,ASC,PRESTIGE,63300,MOTOR PULLEY WG T,PART,0,0,0,0,0,0,0
"TTK PRESTIGE LTD, VIJAYAWADA",SRI SRINIVASA ENTERPRISES,1000025025,ASC,PRESTIGE,63301,BIG PULLEY,PART,0,0,0,0,0,0,0
"TTK PRESTIGE LTD, VIJAYAWADA",SRI SRINIVASA ENTERPRISES,1000025025,ASC,PRESTIGE,63304,NYLON SPROKET WG T,PART,0,0,0,0,0,0,0
"TTK PRESTIGE LTD, VIJAYAWADA",SRI SRINIVASA ENTERPRISES,1000025025,ASC,PRESTIGE,63305,MOTOR FAN WG T,PART,0,0,0,0,0,0,0
"TTK PRESTIGE LTD, VIJAYAWADA",SRI SRINIVASA ENTERPRISES,1000025025,ASC,PRESTIGE,63306,CENTRE SHAFT WG T,PART,0,0,0,0,0,0,0
"TTK PRESTIGE LTD, VIJAYAWADA",SRI SRINIVASA ENTERPRISES,1000025025,ASC,PRESTIGE,63307,BEARING SET WG T,PART,0,0,0,0,0,0,0
"TTK PRESTIGE LTD, VIJAYAWADA",SRI SRINIVASA ENTERPRISES,1000025025,ASC,PRESTIGE,63313,DRIPT TRAY GASKET GT/M/J/P/A/I/SU/MP/AP,PART,0,0,0,0,0,0,0
"TTK PRESTIGE LTD, VIJAYAWADA",SRI SRINIVASA ENTERPRISES,1000025025,ASC,PRESTIGE,63319,GAS VALVE SABAF,PART,0,0,4,0,4,0,0
"TTK PRESTIGE LTD, VIJAYAWADA",SRI SRINIVASA ENTERPRISES,1000025025,ASC,PRESTIGE,63322,DRIPT TRAY GT/GTM/GTS BIG,PART,0,0,0,0,0,0,0
"TTK PRESTIGE LTD, VIJAYAWADA",SRI SRINIVASA ENTERPRISES,1000025025,ASC,PRESTIGE,63358,SPARK GENERATOR GT2/PHTD2/EL4/EFCA/PSEH,PART,0,0,1,0,1,0,0
"TTK PRESTIGE LTD, VIJAYAWADA",SRI SRINIVASA ENTERPRISES,1000025025,ASC,PRESTIGE,63360,SPARK GENERATOR 04/PHTD4/BLK/EL4/EFCA/EH,PART,0,0,0,0,0,0,0
"TTK PRESTIGE LTD, VIJAYAWADA",SRI SRINIVASA ENTERPRISES,1000025025,ASC,PRESTIGE,63361,PUSH AUTO SWITCH,PART,0,0,1,0,1,0,0
"TTK PRESTIGE LTD, VIJAYAWADA",SRI SRINIVASA ENTERPRISES,1000025025,ASC,PRESTIGE,63362,BATTERY BOX PUSH AUTO GAS STOVE,PART,0,0,1,0,1,0,0
"TTK PRESTIGE LTD, VIJAYAWADA",SRI SRINIVASA ENTERPRISES,1000025025,ASC,PRESTIGE,63366,FUSE PIC ALL MODEL,PART,0,0,0,0,0,0,0
"TTK PRESTIGE LTD, VIJAYAWADA",SRI SRINIVASA ENTERPRISES,1000025025,ASC,PRESTIGE,63386,HEATING PLATE PRWO 1.8,PART,0,0,1,0,1,0,0
"TTK PRESTIGE LTD, VIJAYAWADA",SRI SRINIVASA ENTERPRISES,1000025025,ASC,PRESTIGE,63392,CONTROL PANEL PRWO 1.8,PART,0,0,0,1,0,1,0
"TTK PRESTIGE LTD, VIJAYAWADA",SRI SRINIVASA ENTERPRISES,1000025025,ASC,PRESTIGE,63401,SOCKET PRWCS/PRWO/PROK,PART,0,0,1,0,1,0,0
"TTK PRESTIGE LTD, VIJAYAWADA",SRI SRINIVASA ENTERPRISES,1000025025,ASC,PRESTIGE,63412,DRIP TRAY-MED GT/GTM/GTS/GTJ/GTP/GTA/GTI,PART,0,0,0,0,0,0,0
"TTK PRESTIGE LTD, VIJAYAWADA",SRI SRINIVASA ENTERPRISES,1000025025,ASC,PRESTIGE,63447,POWER CORD STYLO/ELEGANT/IR/STR/VISTA,PART,0,0,0,0,0,0,0
"TTK PRESTIGE LTD, VIJAYAWADA",SRI SRINIVASA ENTERPRISES,1000025025,ASC,PRESTIGE,63448,OLP STYLO/IR/STR/SPL/VS/BR/OR/NV2/AP-2.4,PART,0,0,0,0,0,0,0
"TTK PRESTIGE LTD, VIJAYAWADA",SRI SRINIVASA ENTERPRISES,1000025025,ASC,PRESTIGE,63449,ROTORY SWITCH SY/EV2/IR/STR/SPL/V/OR/SOM,PART,0,0,0,0,0,0,0
"TTK PRESTIGE LTD, VIJAYAWADA",SRI SRINIVASA ENTERPRISES,1000025025,ASC,PRESTIGE,63452,MOTOR STYLO/JADE/STYLO PLUS 550W,PART,0,0,0,0,0,0,0
"TTK PRESTIGE LTD, VIJAYAWADA",SRI SRINIVASA ENTERPRISES,1000025025,ASC,PRESTIGE,63465,MOTOR COUPLER STY/V2/IR/RCR/SPL/EL/BR/TR,PART,0,0,2,2,2,2,0
"TTK PRESTIGE LTD, VIJAYAWADA",SRI SRINIVASA ENTERPRISES,1000025025,ASC,PRESTIGE,63466,JAR COUPLER STY/V2IR/RCR/SPL/EL/BR/H/TIS,PART,0,0,0,0,0,0,0
"TTK PRESTIGE LTD, VIJAYAWADA",SRI SRINIVASA ENTERPRISES,1000025025,ASC,PRESTIGE,63473,DRY BLADE STY/2/IR/STR/EV2/VST/BR/OR/SOM,PART,0,0,0,0,0,0,0
"TTK PRESTIGE LTD, VIJAYAWADA",SRI SRINIVASA ENTERPRISES,1000025025,ASC,PRESTIGE,63632,WARM HEATER PRWO/CUTE 1.8/PROK,PART,0,0,0,0,0,0,0
"TTK PRESTIGE LTD, VIJAYAWADA",SRI SRINIVASA ENTERPRISES,1000025025,ASC,PRESTIGE,63634,CONTROL LEVER ASSLY PRWO 1.8,PART,0,0,0,0,0,0,0
"TTK PRESTIGE LTD, VIJAYAWADA",SRI SRINIVASA ENTERPRISES,1000025025,ASC,PRESTIGE,63635,SOCKET PRWO ALL MODEL,PART,0,0,0,0,0,0,0
"TTK PRESTIGE LTD, VIJAYAWADA",SRI SRINIVASA ENTERPRISES,1000025025,ASC,PRESTIGE,63636,HEATING PLATE PRWO 2.8,PART,0,0,0,0,0,0,0
"TTK PRESTIGE LTD, VIJAYAWADA",SRI SRINIVASA ENTERPRISES,1000025025,ASC,PRESTIGE,63638,LAMP UNIT PRWO 2.8/CUTE,PART,0,0,0,0,0,0,0
"TTK PRESTIGE LTD, VIJAYAWADA",SRI SRINIVASA ENTERPRISES,1000025025,ASC,PRESTIGE,63865,BEARING SHAFT WG T,PART,0,0,0,0,0,0,0
"TTK PRESTIGE LTD, VIJAYAWADA",SRI SRINIVASA ENTERPRISES,1000025025,ASC,PRESTIGE,63878,FAN PIC 2.0/V2/RIO C/OPTM/SP/AS/RAY,PART,0,0,0,0,0,0,0
"TTK PRESTIGE LTD, VIJAYAWADA",SRI SRINIVASA ENTERPRISES,1000025025,ASC,PRESTIGE,63894,LID SRO 1.8/PRWO 1.8/CUTE 1.8,PART,0,0,0,0,0,0,0
"TTK PRESTIGE LTD, VIJAYAWADA",SRI SRINIVASA ENTERPRISES,1000025025,ASC,PRESTIGE,63947,SPRING FOR IGNIN LEAD MOD/HSV/PER/HSV/EH,PART,0,0,0,0,0,0,0
"TTK PRESTIGE LTD, VIJAYAWADA",SRI SRINIVASA ENTERPRISES,1000025025,ASC,PRESTIGE,64054,ROLER STONE SET PWG 02,PART,0,0,0,0,0,0,0
"TTK PRESTIGE LTD, VIJAYAWADA",SRI SRINIVASA ENTERPRISES,1000025025,ASC,PRESTIGE,64103,SWITCH KNOB LS BLUE,PART,0,0,0,0,0,0,0
"TTK PRESTIGE LTD, VIJAYAWADA",SRI SRINIVASA ENTERPRISES,1000025025,ASC,PRESTIGE,64107,DRY JAR ASSLY BLUE LS/VS/DLX ATL/BLUE N,PART,0,0,1,0,1,0,0
"TTK PRESTIGE LTD, VIJAYAWADA",SRI SRINIVASA ENTERPRISES,1000025025,ASC,PRESTIGE,64108,WET JAR ASSLY BLUE LS/VS/DLX ATL/BLUE N,PART,0,0,0,0,0,0,0
"TTK PRESTIGE LTD, VIJAYAWADA",SRI SRINIVASA ENTERPRISES,1000025025,ASC,PRESTIGE,64242,MIX.TUBE SMALL-RYN/ED/SL/GTB2/3/4/QUADRA,PART,0,0,0,0,0,0,0
"TTK PRESTIGE LTD, VIJAYAWADA",SRI SRINIVASA ENTERPRISES,1000025025,ASC,PRESTIGE,64243,MIX.TUBE MED RYN/ED/SL3/4/BIG SL2/QUADRA,PART,0,0,0,0,0,0,0
"TTK PRESTIGE LTD, VIJAYAWADA",SRI SRINIVASA ENTERPRISES,1000025025,ASC,PRESTIGE,64244,MIX.TUBE BIG-ROYAL NEW/EDGE/SLEEK,PART,0,0,0,0,0,0,0
"TTK PRESTIGE LTD, VIJAYAWADA",SRI SRINIVASA ENTERPRISES,1000025025,ASC,PRESTIGE,64245,MIX.TUBE BIG AGNI N/MED-3L M/3L B/2B/4B,PART,0,0,0,0,0,0,0
"TTK PRESTIGE LTD, VIJAYAWADA",SRI SRINIVASA ENTERPRISES,1000025025,ASC,PRESTIGE,64247,MIX. TUBE BIG STAR/AGNI CLASSIC,PART,0,0,0,0,0,0,0
"TTK PRESTIGE LTD, VIJAYAWADA",SRI SRINIVASA ENTERPRISES,1000025025,ASC,PRESTIGE,64248,MIX. TUBE SMALL STAR/AGNI CLASSIC,PART,0,0,0,0,0,0,0
"TTK PRESTIGE LTD, VIJAYAWADA",SRI SRINIVASA ENTERPRISES,1000025025,ASC,PRESTIGE,64261,BURNER-MEDIUM NEW/RY/ED/TB/J/P/A/I/SV,PART,0,0,1,4,1,4,0
"TTK PRESTIGE LTD, VIJAYAWADA",SRI SRINIVASA ENTERPRISES,1000025025,ASC,PRESTIGE,64262,BURNER SMALL NEW R/ED/TB/J/P/A/I/SLSV/HS,PART,0,0,0,2,0,2,0
"TTK PRESTIGE LTD, VIJAYAWADA",SRI SRINIVASA ENTERPRISES,1000025025,ASC,PRESTIGE,64263,BURNER BIG RYL N/SLSV/GT/GTM/PSEH,PART,0,0,0,0,0,0,0
"TTK PRESTIGE LTD, VIJAYAWADA",SRI SRINIVASA ENTERPRISES,1000025025,ASC,PRESTIGE,64267,DRIP TRAY GT SMALL AI,PART,0,0,0,0,0,0,0
"TTK PRESTIGE LTD, VIJAYAWADA",SRI SRINIVASA ENTERPRISES,1000025025,ASC,PRESTIGE,64278,MAHA CHOPPER BLADE/END/DLX ATL,PART,0,0,0,0,0,0,0
"TTK PRESTIGE LTD, VIJAYAWADA",SRI SRINIVASA ENTERPRISES,1000025025,ASC,PRESTIGE,64279,MAHA ATTA KNEADER BLADE/ENDU/DLX ATL,PART,0,0,0,0,0,0,0
"TTK PRESTIGE LTD, VIJAYAWADA",SRI SRINIVASA ENTERPRISES,1000025025,ASC,PRESTIGE,64351,POWER IC 1V2/3/VS/AL3/IR2/25P/R/22C/XP/A,PART,0,0,0,0,0,0,0
"TTK PRESTIGE LTD, VIJAYAWADA",SRI SRINIVASA ENTERPRISES,1000025025,ASC,PRESTIGE,64407,MU JAR SPROCKET 3 PCS MCH6J/TERA/END/PRO,PART,0,0,0,0,0,0,0
"TTK PRESTIGE LTD, VIJAYAWADA",SRI SRINIVASA ENTERPRISES,1000025025,ASC,PRESTIGE,64416,MOTOR STY/ELE/VIS/VIS PL/TEON PL 750W,PART,0,0,0,0,0,0,0
"TTK PRESTIGE LTD, VIJAYAWADA",SRI SRINIVASA ENTERPRISES,1000025025,ASC,PRESTIGE,64426,FAN PIC10/6V2/14/3V3/31V4/25P/22C/XP/ATN,PART,0,0,0,0,0,0,0
"TTK PRESTIGE LTD, VIJAYAWADA",SRI SRINIVASA ENTERPRISES,1000025025,ASC,PRESTIGE,64446,BODY FRAME GT 04,PART,0,0,0,0,0,0,0
"TTK PRESTIGE LTD, VIJAYAWADA",SRI SRINIVASA ENTERPRISES,1000025025,ASC,PRESTIGE,64476,LAMP UNIT PRWO 1.8-2,PART,0,0,0,1,0,1,0
"TTK PRESTIGE LTD, VIJAYAWADA",SRI SRINIVASA ENTERPRISES,1000025025,ASC,PRESTIGE,64487,ALU.BUSH PLATE ASLY OT STY/V2/ELV2/IV/FU,PART,0,0,0,0,0,0,0
"TTK PRESTIGE LTD, VIJAYAWADA",SRI SRINIVASA ENTERPRISES,1000025025,ASC,PRESTIGE,64589,MOTOR POPU/MIST-550W/DEL-600W,PART,0,0,0,0,0,0,0
"TTK PRESTIGE LTD, VIJAYAWADA",SRI SRINIVASA ENTERPRISES,1000025025,ASC,PRESTIGE,64632,GLASS FOR GTM 02/GTM 02 PLUS/GTD 02,PART,0,0,0,0,0,0,0
"TTK PRESTIGE LTD, VIJAYAWADA",SRI SRINIVASA ENTERPRISES,1000025025,ASC,PRESTIGE,64634,GLASS FOR GTM/D/PL/SQ/AT/IRPL04 585X500,PART,0,0,0,0,0,0,0
"TTK PRESTIGE LTD, VIJAYAWADA",SRI SRINIVASA ENTERPRISES,1000025025,ASC,PRESTIGE,64658,HEATING ELEMENT PRWO 1.4-2,PART,0,0,0,0,0,0,0
"TTK PRESTIGE LTD, VIJAYAWADA",SRI SRINIVASA ENTERPRISES,1000025025,ASC,PRESTIGE,64699,CHUTNEY JAR ASSLY-TEON,PART,0,0,2,0,2,0,0
"TTK PRESTIGE LTD, VIJAYAWADA",SRI SRINIVASA ENTERPRISES,1000025025,ASC,PRESTIGE,64713,MICROSWITCH PRWO1.8/2.8/JRC2/ROK/SM/CUTE,PART,3,0,5,0,8,0,0
"TTK PRESTIGE LTD, VIJAYAWADA",SRI SRINIVASA ENTERPRISES,1000025025,ASC,PRESTIGE,64862,KNOB GH 04 DLX/GH 03 DLX,PART,0,0,1,0,1,0,0
"TTK PRESTIGE LTD, VIJAYAWADA",SRI SRINIVASA ENTERPRISES,1000025025,ASC,PRESTIGE,64863,GAS VALVE GH 03/GH 04 AI DLX,PART,0,0,1,0,1,0,0
"TTK PRESTIGE LTD, VIJAYAWADA",SRI SRINIVASA ENTERPRISES,1000025025,ASC,PRESTIGE,64877,IGNITION PINSMALL GH04 AI DLX/GH03 AI DX,PART,0,0,1,0,1,0,0
"TTK PRESTIGE LTD, VIJAYAWADA",SRI SRINIVASA ENTERPRISES,1000025025,ASC,PRESTIGE,64878,IGNITION PIN MEDIUM GH 04 AI/GH 03 AI DX,PART,0,0,1,0,1,0,0
"TTK PRESTIGE LTD, VIJAYAWADA",SRI SRINIVASA ENTERPRISES,1000025025,ASC,PRESTIGE,64879,IGNITION PIN BIG GH04 AI DLX/GH03 AI DLX,PART,0,0,1,0,1,0,0
"TTK PRESTIGE LTD, VIJAYAWADA",SRI SRINIVASA ENTERPRISES,1000025025,ASC,PRESTIGE,64890,REVOLVING NOZZLE-H TOP/PHTD2/3/HSV/EL4/E,PART,0,0,0,0,0,0,0
"TTK PRESTIGE LTD, VIJAYAWADA",SRI SRINIVASA ENTERPRISES,1000025025,ASC,PRESTIGE,64898,PAN SUPPORT GTS 02/03/04,PART,0,0,0,0,0,0,0
"TTK PRESTIGE LTD, VIJAYAWADA",SRI SRINIVASA ENTERPRISES,1000025025,ASC,PRESTIGE,64925,MOTOR PCJ 7.0,PART,0,0,0,0,0,0,0
"TTK PRESTIGE LTD, VIJAYAWADA",SRI SRINIVASA ENTERPRISES,1000025025,ASC,PRESTIGE,67038,GLASS FOR GTS 02 D,PART,0,0,0,0,0,0,0
"TTK PRESTIGE LTD, VIJAYAWADA",SRI SRINIVASA ENTERPRISES,1000025025,ASC,PRESTIGE,67040,GLASS FOR GTS 04 D,PART,0,0,0,0,0,0,0
"TTK PRESTIGE LTD, VIJAYAWADA",SRI SRINIVASA ENTERPRISES,1000025025,ASC,PRESTIGE,67043,CONNECTOR PMC 1.0,PART,0,0,0,0,0,0,0
"TTK PRESTIGE LTD, VIJAYAWADA",SRI SRINIVASA ENTERPRISES,1000025025,ASC,PRESTIGE,67044,THERMOSTAT PMC 1.0,PART,0,0,0,0,0,0,0
"TTK PRESTIGE LTD, VIJAYAWADA",SRI SRINIVASA ENTERPRISES,1000025025,ASC,PRESTIGE,67093,THERMOSTAT PKGSS 1.7,PART,0,0,0,0,0,0,0
"TTK PRESTIGE LTD, VIJAYAWADA",SRI SRINIVASA ENTERPRISES,1000025025,ASC,PRESTIGE,67094,ON/OFF SWITCH PKGSS 1.7,PART,0,0,0,0,0,0,0
"TTK PRESTIGE LTD, VIJAYAWADA",SRI SRINIVASA ENTERPRISES,1000025025,ASC,PRESTIGE,67095,CONNECTOR PKGSS 1.7,PART,0,0,0,0,0,0,0
"TTK PRESTIGE LTD, VIJAYAWADA",SRI SRINIVASA ENTERPRISES,1000025025,ASC,PRESTIGE,67097,BASE CONNECTOR TOP COVER PKGSS 1.7,PART,0,0,0,0,0,0,0
"TTK PRESTIGE LTD, VIJAYAWADA",SRI SRINIVASA ENTERPRISES,1000025025,ASC,PRESTIGE,67098,BASE CONNECTOR BOTTOM COVER PKGSS 1.7,PART,0,0,0,0,0,0,0
"TTK PRESTIGE LTD, VIJAYAWADA",SRI SRINIVASA ENTERPRISES,1000025025,ASC,PRESTIGE,67099,SS CONTAINER BOTTOM COVER PKGSS 1.7,PART,0,0,0,0,0,0,0
"TTK PRESTIGE LTD, VIJAYAWADA",SRI SRINIVASA ENTERPRISES,1000025025,ASC,PRESTIGE,67100,SS CONTAINER W/HEATING ELEMENT PKGSS 1.7,PART,0,0,0,0,0,0,0
"TTK PRESTIGE LTD, VIJAYAWADA",SRI SRINIVASA ENTERPRISES,1000025025,ASC,PRESTIGE,67125,CONTROL PCB PIC 16.0,PART,0,0,1,0,1,0,0
"TTK PRESTIGE LTD, VIJAYAWADA",SRI SRINIVASA ENTERPRISES,1000025025,ASC,PRESTIGE,67280,WET BLADE-HERO N/FLR/ATL/SH/VIVA/CLV,PART,0,0,1,0,1,0,0
"TTK PRESTIGE LTD, VIJAYAWADA",SRI SRINIVASA ENTERPRISES,1000025025,ASC,PRESTIGE,67297,GAS VALVE BIG-PHT/PGHT/HTD2/3/HSV/BLK/E4,PART,0,0,0,0,0,0,0
"TTK PRESTIGE LTD, VIJAYAWADA",SRI SRINIVASA ENTERPRISES,1000025025,ASC,PRESTIGE,67301,BURNER BASE MT TOP SMALL-PHT/PHTG,PART,0,0,1,0,1,0,0
"TTK PRESTIGE LTD, VIJAYAWADA",SRI SRINIVASA ENTERPRISES,1000025025,ASC,PRESTIGE,67303,BURNER SMALL PHT/PHTD02/03/BLK/EL4/EFCA,PART,0,0,1,0,1,0,0
"TTK PRESTIGE LTD, VIJAYAWADA",SRI SRINIVASA ENTERPRISES,1000025025,ASC,PRESTIGE,67304,BURNER BIG PHT/PHTD02/03/BLK/EL4/EFCA,PART,0,0,0,0,0,0,0
"TTK PRESTIGE LTD, VIJAYAWADA",SRI SRINIVASA ENTERPRISES,1000025025,ASC,PRESTIGE,67307,MICRO SWITCH ASLY 4B PHT/G/ES/PHTD/HSV/E,PART,0,0,0,0,0,0,0
"TTK PRESTIGE LTD, VIJAYAWADA",SRI SRINIVASA ENTERPRISES,1000025025,ASC,PRESTIGE,67308,IGNITION LEAD-PHT/PHTG ES/PHTD/BLK/EL4/E,PART,0,0,0,0,0,0,0
"TTK PRESTIGE LTD, VIJAYAWADA",SRI SRINIVASA ENTERPRISES,1000025025,ASC,PRESTIGE,67312,SCREW M4-BURNER BASE TOP FIXING HOB TOP,PART,0,0,4,0,4,0,0
"TTK PRESTIGE LTD, VIJAYAWADA",SRI SRINIVASA ENTERPRISES,1000025025,ASC,PRESTIGE,67315,IGNITION SPRING PHT/GHT/ES/PHTD/BLK/EL4,PART,0,0,0,0,0,0,0
"TTK PRESTIGE LTD, VIJAYAWADA",SRI SRINIVASA ENTERPRISES,1000025025,ASC,PRESTIGE,67317,KNOB FOR HOB TOP/PHTD02/03/BLK/EL4,PART,0,0,8,0,8,0,0
"TTK PRESTIGE LTD, VIJAYAWADA",SRI SRINIVASA ENTERPRISES,1000025025,ASC,PRESTIGE,67322,DRIP TRAY SMALL HOB TOP,PART,0,0,2,0,2,0,0
"TTK PRESTIGE LTD, VIJAYAWADA",SRI SRINIVASA ENTERPRISES,1000025025,ASC,PRESTIGE,67323,DRIP TRAY BIG HOB TOP,PART,0,0,2,0,2,0,0
"TTK PRESTIGE LTD, VIJAYAWADA",SRI SRINIVASA ENTERPRISES,1000025025,ASC,PRESTIGE,67324,DRIP TRAY WASHER HOB TOP,PART,0,0,2,0,2,0,0
"TTK PRESTIGE LTD, VIJAYAWADA",SRI SRINIVASA ENTERPRISES,1000025025,ASC,PRESTIGE,67325,LEG HOB TOP/PHTD02/03/BLK/EL4/EFFICIA,PART,0,0,1,0,1,0,0
"TTK PRESTIGE LTD, VIJAYAWADA",SRI SRINIVASA ENTERPRISES,1000025025,ASC,PRESTIGE,67333,CONTROL PCB PIC 15.0,PART,0,0,0,0,0,0,0
"TTK PRESTIGE LTD, VIJAYAWADA",SRI SRINIVASA ENTERPRISES,1000025025,ASC,PRESTIGE,67420,SWITCH PWG-05/06/07/08/ATLAS WG,PART,0,0,0,0,0,0,0
"TTK PRESTIGE LTD, VIJAYAWADA",SRI SRINIVASA ENTERPRISES,1000025025,ASC,PRESTIGE,67421,MOTOR PWG 5/6/7/ATLAS/VERNA/ULT PRO/SPRK,PART,0,0,0,0,0,0,0
"TTK PRESTIGE LTD, VIJAYAWADA",SRI SRINIVASA ENTERPRISES,1000025025,ASC,PRESTIGE,67422,CAPACITOR PWG 5/6/7/ATL/VERNA/UL PRO/SPR,PART,0,0,0,0,0,0,0
"TTK PRESTIGE LTD, VIJAYAWADA",SRI SRINIVASA ENTERPRISES,1000025025,ASC,PRESTIGE,67423,MOTOR PULLEY PWG-05/07/08/ATLAS WG/JWG01,PART,0,0,0,0,0,0,0
"TTK PRESTIGE LTD, VIJAYAWADA",SRI SRINIVASA ENTERPRISES,1000025025,ASC,PRESTIGE,67425,COOLING FAN PWG05/06/07/08/ATL/VRNA/UPRO,PART,0,0,0,0,0,0,0
"TTK PRESTIGE LTD, VIJAYAWADA",SRI SRINIVASA ENTERPRISES,1000025025,ASC,PRESTIGE,67426,BELT PWG 05/06/08,PART,0,0,0,0,0,0,0
"TTK PRESTIGE LTD, VIJAYAWADA",SRI SRINIVASA ENTERPRISES,1000025025,ASC,PRESTIGE,67529,MAIN PCB PIC 20.0/SUPERB,PART,0,0,0,0,0,0,0
"TTK PRESTIGE LTD, VIJAYAWADA",SRI SRINIVASA ENTERPRISES,1000025025,ASC,PRESTIGE,67530,CONTROL PCB PIC 20/PIC 20 PLUS/SUPERB,PART,0,0,0,0,0,0,0
"TTK PRESTIGE LTD, VIJAYAWADA",SRI SRINIVASA ENTERPRISES,1000025025,ASC,PRESTIGE,67534,FUNCTION IC PIC 20.0/SUPERB NEW,PART,0,0,1,0,1,0,0
"TTK PRESTIGE LTD, VIJAYAWADA",SRI SRINIVASA ENTERPRISES,1000025025,ASC,PRESTIGE,67535,INDU COIL 20/21/22/C/25/P/27/F/A3/XP/AN,PART,0,0,0,0,0,0,0
"TTK PRESTIGE LTD, VIJAYAWADA",SRI SRINIVASA ENTERPRISES,1000025025,ASC,PRESTIGE,67560,CONTROL PCB AKH 900/600 CB,PART,0,0,0,0,0,0,0
"TTK PRESTIGE LTD, VIJAYAWADA",SRI SRINIVASA ENTERPRISES,1000025025,ASC,PRESTIGE,67564,MOTOR ASSEMBLY AKH 900/600 CB,PART,0,0,0,0,0,0,0
"TTK PRESTIGE LTD, VIJAYAWADA",SRI SRINIVASA ENTERPRISES,1000025025,ASC,PRESTIGE,67597,BODY FRAME GTM 03 SS,PART,0,0,0,0,0,0,0
"TTK PRESTIGE LTD, VIJAYAWADA",SRI SRINIVASA ENTERPRISES,1000025025,ASC,PRESTIGE,67598,BODY FRAME GTM 04 SS,PART,0,0,0,0,0,0,0
"TTK PRESTIGE LTD, VIJAYAWADA",SRI SRINIVASA ENTERPRISES,1000025025,ASC,PRESTIGE,67616,SUB ASSLY WO ROLLERSTONE WGT N/PWG04/11 ,PART,0,0,0,0,0,0,0
"TTK PRESTIGE LTD, VIJAYAWADA",SRI SRINIVASA ENTERPRISES,1000025025,ASC,PRESTIGE,67617,DRUM ASSLY WG T NEW/PWG 04,PART,0,0,0,0,0,0,0
"TTK PRESTIGE LTD, VIJAYAWADA",SRI SRINIVASA ENTERPRISES,1000025025,ASC,PRESTIGE,67644,IGNITION LEAD PH AUTO BIG N HSV/PER/SEH,PART,0,0,0,0,0,0,0
"TTK PRESTIGE LTD, VIJAYAWADA",SRI SRINIVASA ENTERPRISES,1000025025,ASC,PRESTIGE,67645,IGNITION LEAD PH AUTO SMAL NEW HSV/PER,PART,0,0,0,0,0,0,0
"TTK PRESTIGE LTD, VIJAYAWADA",SRI SRINIVASA ENTERPRISES,1000025025,ASC,PRESTIGE,67648,STONE HOLDER LOCK W/SPRING PWG 04,PART,0,0,0,0,0,0,0
"TTK PRESTIGE LTD, VIJAYAWADA",SRI SRINIVASA ENTERPRISES,1000025025,ASC,PRESTIGE,67650,BELT PWG 04,PART,0,0,0,0,0,0,0
"TTK PRESTIGE LTD, VIJAYAWADA",SRI SRINIVASA ENTERPRISES,1000025025,ASC,PRESTIGE,67651,DRIVE WHEEL PWG 04,PART,0,0,0,0,0,0,0
"TTK PRESTIGE LTD, VIJAYAWADA",SRI SRINIVASA ENTERPRISES,1000025025,ASC,PRESTIGE,67703,JET SMALL PHT TOP CNG/PNG/PHTD2/3/BLK/E4,PART,0,0,0,0,0,0,0
"TTK PRESTIGE LTD, VIJAYAWADA",SRI SRINIVASA ENTERPRISES,1000025025,ASC,PRESTIGE,67720,LAMP PRWO 1.8-2 NEW,PART,0,0,1,0,1,0,0
"TTK PRESTIGE LTD, VIJAYAWADA",SRI SRINIVASA ENTERPRISES,1000025025,ASC,PRESTIGE,67768,LID GASKET TEON/ENDURA/PRO/PRISM,PART,0,0,0,0,0,0,0
"TTK PRESTIGE LTD, VIJAYAWADA",SRI SRINIVASA ENTERPRISES,1000025025,ASC,PRESTIGE,67944,MAIN PCB PIC 19.0/19.0 PLUS,PART,0,0,0,0,0,0,0
"TTK PRESTIGE LTD, VIJAYAWADA",SRI SRINIVASA ENTERPRISES,1000025025,ASC,PRESTIGE,67945,CONTROL PCB PIC 19.0,PART,0,0,0,0,0,0,0
"TTK PRESTIGE LTD, VIJAYAWADA",SRI SRINIVASA ENTERPRISES,1000025025,ASC,PRESTIGE,67951,INDUCTION COIL PIC 19.0/PLUS,PART,0,0,0,0,0,0,0
"TTK PRESTIGE LTD, VIJAYAWADA",SRI SRINIVASA ENTERPRISES,1000025025,ASC,PRESTIGE,67972,ADAPTOR NAKSHATRA/PLUS,PART,0,0,0,0,0,0,0
"TTK PRESTIGE LTD, VIJAYAWADA",SRI SRINIVASA ENTERPRISES,1000025025,ASC,PRESTIGE,67977,ROTARY SWITCH NAK/V2/NEO/UL/PL/SU/CL/BLI,PART,0,0,0,0,0,0,0
"TTK PRESTIGE LTD, VIJAYAWADA",SRI SRINIVASA ENTERPRISES,1000025025,ASC,PRESTIGE,67979,MOTOR NAK/NEO/JEMG 103/CLSIC/JEMG02-550W,PART,0,0,0,1,0,1,0
"TTK PRESTIGE LTD, VIJAYAWADA",SRI SRINIVASA ENTERPRISES,1000025025,ASC,PRESTIGE,67982,DRY BLADE NAK/PL/SPR/UL/JEMG/COM/BLIS/TI,PART,0,0,0,0,0,0,0
"TTK PRESTIGE LTD, VIJAYAWADA",SRI SRINIVASA ENTERPRISES,1000025025,ASC,PRESTIGE,67983,WET BLADE NK/V2/NEO/PL/SU/UL/SPR/104/GRC,PART,0,0,0,0,0,0,0
"TTK PRESTIGE LTD, VIJAYAWADA",SRI SRINIVASA ENTERPRISES,1000025025,ASC,PRESTIGE,67984,CHUT BLADE NAK/V2/PL/SUPR/UL/SPR/BLIS/TI,PART,0,0,0,0,0,0,0
"TTK PRESTIGE LTD, VIJAYAWADA",SRI SRINIVASA ENTERPRISES,1000025025,ASC,PRESTIGE,67992,MOTOR COUPLER NK/V2/PL/SUP/UL/SPR/JE/G/B,PART,0,0,0,0,0,0,0
"TTK PRESTIGE LTD, VIJAYAWADA",SRI SRINIVASA ENTERPRISES,1000025025,ASC,PRESTIGE,67995,CHUT SHAFT NAK/PL/SUP/UL/NEO/SPR/JEMG/ZE,PART,0,0,0,0,0,0,0
"TTK PRESTIGE LTD, VIJAYAWADA",SRI SRINIVASA ENTERPRISES,1000025025,ASC,PRESTIGE,68004,CHUTNEY JAR ASSLY NAKSHATRA,PART,0,0,0,0,0,0,0
"TTK PRESTIGE LTD, VIJAYAWADA",SRI SRINIVASA ENTERPRISES,1000025025,ASC,PRESTIGE,68030,PUMP ASSEMBLY AKH 600 CB/CN,PART,0,0,1,0,1,0,0
"TTK PRESTIGE LTD, VIJAYAWADA",SRI SRINIVASA ENTERPRISES,1000025025,ASC,PRESTIGE,68032,KNOB-SABAF VALVE-GT MODELS/GTS GOLD,PART,0,0,0,0,0,0,0
"TTK PRESTIGE LTD, VIJAYAWADA",SRI SRINIVASA ENTERPRISES,1000025025,ASC,PRESTIGE,68290,LED LAMP DKH-600 CS-B/GKH 600 CS/900 CS,PART,0,0,2,0,2,0,0
"TTK PRESTIGE LTD, VIJAYAWADA",SRI SRINIVASA ENTERPRISES,1000025025,ASC,PRESTIGE,68299,BASE BODY FOR PHT-02,PART,0,0,1,0,1,0,0
"TTK PRESTIGE LTD, VIJAYAWADA",SRI SRINIVASA ENTERPRISES,1000025025,ASC,PRESTIGE,68300,MAIN PCB PIC 21.0/22.0/22C/BLISS,PART,0,0,0,0,0,0,0
"TTK PRESTIGE LTD, VIJAYAWADA",SRI SRINIVASA ENTERPRISES,1000025025,ASC,PRESTIGE,68301,CONTROL PCB PIC 21.0/22.0/22C/IR PL/BLIS,PART,0,0,0,0,0,0,0
"TTK PRESTIGE LTD, VIJAYAWADA",SRI SRINIVASA ENTERPRISES,1000025025,ASC,PRESTIGE,68303,BOTTOM COVER PIC 21.0/22.0/22C/IR PL/BLI,PART,0,0,0,0,0,0,0
"TTK PRESTIGE LTD, VIJAYAWADA",SRI SRINIVASA ENTERPRISES,1000025025,ASC,PRESTIGE,68304,FUNCTION IC PIC 21/22/22C/IR PL/BLIS NEW,PART,0,0,0,0,0,0,0
"TTK PRESTIGE LTD, VIJAYAWADA",SRI SRINIVASA ENTERPRISES,1000025025,ASC,PRESTIGE,68341,MOTOR/JAR COUPLER-ALL ROUNDER-FP,PART,0,0,0,0,0,0,0
"TTK PRESTIGE LTD, VIJAYAWADA",SRI SRINIVASA ENTERPRISES,1000025025,ASC,PRESTIGE,68346,MOTOR-ALL ROUNDER-FP,PART,0,0,0,0,0,0,0
"TTK PRESTIGE LTD, VIJAYAWADA",SRI SRINIVASA ENTERPRISES,1000025025,ASC,PRESTIGE,68347,MOTOR GROMMET-ALL ROUNDER-FP,PART,0,0,0,0,0,0,0
"TTK PRESTIGE LTD, VIJAYAWADA",SRI SRINIVASA ENTERPRISES,1000025025,ASC,PRESTIGE,68685,DIAL PLATE-SABAF VLVE GT/GTJ/GTP/GTA/EFI,PART,0,0,2,0,2,0,0
"TTK PRESTIGE LTD, VIJAYAWADA",SRI SRINIVASA ENTERPRISES,1000025025,ASC,PRESTIGE,68744,MOTOR NAK PLUS/ULT/PL/SPR/GRC/BLIS 750W,PART,0,0,0,1,0,1,0
"TTK PRESTIGE LTD, VIJAYAWADA",SRI SRINIVASA ENTERPRISES,1000025025,ASC,PRESTIGE,68754,POWER CORD NAK/PLUS/SUPREME/JEMG 103/ZEN,PART,0,0,0,0,0,0,0
"TTK PRESTIGE LTD, VIJAYAWADA",SRI SRINIVASA ENTERPRISES,1000025025,ASC,PRESTIGE,68757,JET SMALL FOR HOB/PHTD2/3/BLK/EL4 .7,PART,0,0,3,0,3,0,0
"TTK PRESTIGE LTD, VIJAYAWADA",SRI SRINIVASA ENTERPRISES,1000025025,ASC,PRESTIGE,68758,JET BIG FOR HT/PHTD02/03/BLK/EL4/EF .78,PART,0,0,4,0,4,0,0
"TTK PRESTIGE LTD, VIJAYAWADA",SRI SRINIVASA ENTERPRISES,1000025025,ASC,PRESTIGE,68767,GLASS FOR GT 04-ROYAL PLUS-SCHOTT,PART,0,0,0,0,0,0,0
"TTK PRESTIGE LTD, VIJAYAWADA",SRI SRINIVASA ENTERPRISES,1000025025,ASC,PRESTIGE,68834,MAIN PCB PIC 16.0 PLUS,PART,0,0,0,0,0,0,0
"TTK PRESTIGE LTD, VIJAYAWADA",SRI SRINIVASA ENTERPRISES,1000025025,ASC,PRESTIGE,68927,MAIN PCB PIC 25.0/27.0/ATLAS 1.0,PART,0,0,0,0,0,0,0
"TTK PRESTIGE LTD, VIJAYAWADA",SRI SRINIVASA ENTERPRISES,1000025025,ASC,PRESTIGE,68928,CONTROL PCB PIC 25.0/27.0/ATLAS 1.0,PART,0,0,0,0,0,0,0
"TTK PRESTIGE LTD, VIJAYAWADA",SRI SRINIVASA ENTERPRISES,1000025025,ASC,PRESTIGE,68957,MOTOR MIST/DEL/DEL PL/PRO/SUPRA/TEON750W,PART,0,0,0,0,0,0,0
"TTK PRESTIGE LTD, VIJAYAWADA",SRI SRINIVASA ENTERPRISES,1000025025,ASC,PRESTIGE,69012,PAN SUPPORT GTM PLUS 02/03/04,PART,0,0,0,0,0,0,0
"TTK PRESTIGE LTD, VIJAYAWADA",SRI SRINIVASA ENTERPRISES,1000025025,ASC,PRESTIGE,69013,THERMOSTAT PKOSS1.2/1.5/1.8/V1.5/JEA313,PART,0,0,0,0,0,0,0
"TTK PRESTIGE LTD, VIJAYAWADA",SRI SRINIVASA ENTERPRISES,1000025025,ASC,PRESTIGE,69014,CONNECTOR-PKOSS 1.2/1.5/1.8/V1.5/JEA313,PART,0,0,0,0,0,0,0
"TTK PRESTIGE LTD, VIJAYAWADA",SRI SRINIVASA ENTERPRISES,1000025025,ASC,PRESTIGE,69015,ON-OFF SWITCH PKOSS1.2/1.5/1.8/V1.5/JEA3,PART,0,0,4,0,4,0,0
"TTK PRESTIGE LTD, VIJAYAWADA",SRI SRINIVASA ENTERPRISES,1000025025,ASC,PRESTIGE,69020,SS CONTAINER BTM COVER PKOSS 1.5 C-TYPE,PART,0,0,0,0,0,0,0
"TTK PRESTIGE LTD, VIJAYAWADA",SRI SRINIVASA ENTERPRISES,1000025025,ASC,PRESTIGE,69021,SS CONT. W-HEATING EL PKOSS 1.5/VISTA,PART,0,0,0,0,0,0,0
"TTK PRESTIGE LTD, VIJAYAWADA",SRI SRINIVASA ENTERPRISES,1000025025,ASC,PRESTIGE,69022,INDIC. LAMP PKOSS 1.5/1.8/VIS 1.5/JEA313,PART,0,0,0,0,0,0,0
"TTK PRESTIGE LTD, VIJAYAWADA",SRI SRINIVASA ENTERPRISES,1000025025,ASC,PRESTIGE,69028,SS CONTAINER W-HEATING ELEMENT PKOSS 1.8,PART,0,0,0,0,0,0,0
"TTK PRESTIGE LTD, VIJAYAWADA",SRI SRINIVASA ENTERPRISES,1000025025,ASC,PRESTIGE,69035,GAS VALVE SMALL-PHT/PGHT/TDRED/BL/SV/EL4,PART,0,0,1,0,1,0,0
"TTK PRESTIGE LTD, VIJAYAWADA",SRI SRINIVASA ENTERPRISES,1000025025,ASC,PRESTIGE,69055,CONTROL PCB PIC 16.0 PLUS,PART,0,0,0,0,0,0,0
"TTK PRESTIGE LTD, VIJAYAWADA",SRI SRINIVASA ENTERPRISES,1000025025,ASC,PRESTIGE,69056,CARTRIDGE PSWP 2.0 1500 L/TATTVA,PART,0,0,0,0,0,0,0
"TTK PRESTIGE LTD, VIJAYAWADA",SRI SRINIVASA ENTERPRISES,1000025025,ASC,PRESTIGE,69141,OIL CUP FOR GKH 600 CS/900 CS,PART,0,0,1,0,1,0,0
"TTK PRESTIGE LTD, VIJAYAWADA",SRI SRINIVASA ENTERPRISES,1000025025,ASC,PRESTIGE,69394,HANDLE ASSEMBLY PRM 3.0/05,PART,0,0,0,0,0,0,0
"TTK PRESTIGE LTD, VIJAYAWADA",SRI SRINIVASA ENTERPRISES,1000025025,ASC,PRESTIGE,69400,TOP SIDE HANDLE PRM 3.0/05,PART,0,0,1,0,1,0,0
"TTK PRESTIGE LTD, VIJAYAWADA",SRI SRINIVASA ENTERPRISES,1000025025,ASC,PRESTIGE,69407,BOTTOM HANDLE COVER PRM 3.0/05,PART,0,0,1,0,1,0,0
"TTK PRESTIGE LTD, VIJAYAWADA",SRI SRINIVASA ENTERPRISES,1000025025,ASC,PRESTIGE,69459,MAIN PCB AKH 600/900CB PLUS/CN,PART,0,0,1,0,1,0,0
"TTK PRESTIGE LTD, VIJAYAWADA",SRI SRINIVASA ENTERPRISES,1000025025,ASC,PRESTIGE,69460,CONTROL PCB AKH 600/900CB PLUS/CN,PART,0,0,2,0,2,0,0
"TTK PRESTIGE LTD, VIJAYAWADA",SRI SRINIVASA ENTERPRISES,1000025025,ASC,PRESTIGE,69462,MOTOR AKH 600/900 CB-PLUS/CN,PART,0,0,0,0,0,0,0
"TTK PRESTIGE LTD, VIJAYAWADA",SRI SRINIVASA ENTERPRISES,1000025025,ASC,PRESTIGE,69517,GLASS FOR DGT BACK-SCHOTT,PART,0,0,0,0,0,0,0
"TTK PRESTIGE LTD, VIJAYAWADA",SRI SRINIVASA ENTERPRISES,1000025025,ASC,PRESTIGE,69533,BURNER BIG JUMBO/SPL/RY NEW/PER/HSV/QU,PART,0,0,0,2,0,2,0
"TTK PRESTIGE LTD, VIJAYAWADA",SRI SRINIVASA ENTERPRISES,1000025025,ASC,PRESTIGE,69534,MIX.TUBE BIG SPL/JUMBO ROYAL NEW/QUADR,PART,0,0,0,0,0,0,0
"TTK PRESTIGE LTD, VIJAYAWADA",SRI SRINIVASA ENTERPRISES,1000025025,ASC,PRESTIGE,69535,JET 100 L-H SPL/JUMBO,PART,0,0,0,0,0,0,0
"TTK PRESTIGE LTD, VIJAYAWADA",SRI SRINIVASA ENTERPRISES,1000025025,ASC,PRESTIGE,69547,MOTOR ASSEMBLY TYPH/SUPREME 05/07,PART,0,0,0,0,0,0,0
"TTK PRESTIGE LTD, VIJAYAWADA",SRI SRINIVASA ENTERPRISES,1000025025,ASC,PRESTIGE,69549,FLEXIBLE HOSE TYPH/SUPREME 05/06,PART,0,0,0,0,0,0,0
"TTK PRESTIGE LTD, VIJAYAWADA",SRI SRINIVASA ENTERPRISES,1000025025,ASC,PRESTIGE,69635,KNOB BLACK-PEB EDGE,PART,0,0,14,2,14,2,0
"TTK PRESTIGE LTD, VIJAYAWADA",SRI SRINIVASA ENTERPRISES,1000025025,ASC,PRESTIGE,69636,DIAL PLATE-PEB/PEP EDGE,PART,0,0,0,0,0,0,0
"TTK PRESTIGE LTD, VIJAYAWADA",SRI SRINIVASA ENTERPRISES,1000025025,ASC,PRESTIGE,69642,DRIP TRAY-SMALL PEB/PEP EDGE-ROUND T,PART,0,0,0,0,0,0,0
"TTK PRESTIGE LTD, VIJAYAWADA",SRI SRINIVASA ENTERPRISES,1000025025,ASC,PRESTIGE,69645,DRIP TRAY GASKET-PEB/PEP EDGE,PART,0,0,0,0,0,0,0
"TTK PRESTIGE LTD, VIJAYAWADA",SRI SRINIVASA ENTERPRISES,1000025025,ASC,PRESTIGE,69655,KNOB PINK-PEP EDGE,PART,0,0,8,0,8,0,0
"TTK PRESTIGE LTD, VIJAYAWADA",SRI SRINIVASA ENTERPRISES,1000025025,ASC,PRESTIGE,69717,RING WASHER-BIG SPL/JUMBO GT,PART,0,0,0,0,0,0,0
"TTK PRESTIGE LTD, VIJAYAWADA",SRI SRINIVASA ENTERPRISES,1000025025,ASC,PRESTIGE,69751,KNOB-GTM PLUS/NEW/SUP/GREY CLIP,PART,0,0,18,0,18,0,0
"TTK PRESTIGE LTD, VIJAYAWADA",SRI SRINIVASA ENTERPRISES,1000025025,ASC,PRESTIGE,69752,DIAL PLATE-GTM PLUS/NEW/JAG 08/JAG9,PART,0,1,3,0,3,1,0
"TTK PRESTIGE LTD, VIJAYAWADA",SRI SRINIVASA ENTERPRISES,1000025025,ASC,PRESTIGE,69764,ROTARY SWITCH-DEL/PLUS/PRO/ENDU/PRO/PRI,PART,0,0,0,0,0,0,0
"TTK PRESTIGE LTD, VIJAYAWADA",SRI SRINIVASA ENTERPRISES,1000025025,ASC,PRESTIGE,69786,SPARK GENR 220V PHTG03/PHTD03/HSV,PART,0,0,0,0,0,0,0
"TTK PRESTIGE LTD, VIJAYAWADA",SRI SRINIVASA ENTERPRISES,1000025025,ASC,PRESTIGE,69789,KNOB-PHTG 03/04 ES/HSV,PART,0,0,0,0,0,0,0
"TTK PRESTIGE LTD, VIJAYAWADA",SRI SRINIVASA ENTERPRISES,1000025025,ASC,PRESTIGE,69792,BURNER BASE TOP-SMALL PHTG 03/04 ES,PART,0,0,4,0,4,0,0
"TTK PRESTIGE LTD, VIJAYAWADA",SRI SRINIVASA ENTERPRISES,1000025025,ASC,PRESTIGE,69793,BURNER-SMALL PHTG 03/04 ES,PART,0,0,2,0,2,0,0
"TTK PRESTIGE LTD, VIJAYAWADA",SRI SRINIVASA ENTERPRISES,1000025025,ASC,PRESTIGE,69795,BURNER BASE TOP-MEDIUM PHTG 03/04 ES,PART,0,0,1,0,1,0,0
"TTK PRESTIGE LTD, VIJAYAWADA",SRI SRINIVASA ENTERPRISES,1000025025,ASC,PRESTIGE,69796,BURNER-MEDIUM PHTG 03/04 ES,PART,0,0,1,0,1,0,0
"TTK PRESTIGE LTD, VIJAYAWADA",SRI SRINIVASA ENTERPRISES,1000025025,ASC,PRESTIGE,69798,BURNER BASE TOP-BIG PHTG 03/04 ES,PART,0,0,1,0,1,0,0
"TTK PRESTIGE LTD, VIJAYAWADA",SRI SRINIVASA ENTERPRISES,1000025025,ASC,PRESTIGE,69799,BURNER BIG PHTG 03/04/ES NEW TYPE VERS-4,PART,0,0,1,0,1,0,0
"TTK PRESTIGE LTD, VIJAYAWADA",SRI SRINIVASA ENTERPRISES,1000025025,ASC,PRESTIGE,69800,BURNER BIG-SMALL PLATE PHTG 03/04 ES,PART,0,0,2,0,2,0,0
"TTK PRESTIGE LTD, VIJAYAWADA",SRI SRINIVASA ENTERPRISES,1000025025,ASC,PRESTIGE,69802,JET-SMALL PHTG 03/04 ES,PART,0,0,2,0,2,0,0
"TTK PRESTIGE LTD, VIJAYAWADA",SRI SRINIVASA ENTERPRISES,1000025025,ASC,PRESTIGE,69803,JET-MEDIUM PHTG 04/03 ES,PART,0,0,3,0,3,0,0
"TTK PRESTIGE LTD, VIJAYAWADA",SRI SRINIVASA ENTERPRISES,1000025025,ASC,PRESTIGE,69811,IGNITION PIN-BIG PHTG 03/04 ES,PART,0,0,1,0,1,0,0
"TTK PRESTIGE LTD, VIJAYAWADA",SRI SRINIVASA ENTERPRISES,1000025025,ASC,PRESTIGE,69854,MOTOR COUPLER PEX 1.0/3.0/NUTRI2/IRI NM,PART,0,0,0,0,0,0,0
"TTK PRESTIGE LTD, VIJAYAWADA",SRI SRINIVASA ENTERPRISES,1000025025,ASC,PRESTIGE,69855,JAR COUPLER PEX 1.0/PEX 3/NUTRI2/IRIS NM,PART,0,0,0,0,0,0,0
"TTK PRESTIGE LTD, VIJAYAWADA",SRI SRINIVASA ENTERPRISES,1000025025,ASC,PRESTIGE,69856,JAR BASE W/BUSH ASLY NUTRI/PEX/INM,PART,0,0,0,0,0,0,0
"TTK PRESTIGE LTD, VIJAYAWADA",SRI SRINIVASA ENTERPRISES,1000025025,ASC,PRESTIGE,69862,BUSH PLATE W/SS PL ASLY PEX1/3/NUT2/IR/F,PART,0,0,0,0,0,0,0
"TTK PRESTIGE LTD, VIJAYAWADA",SRI SRINIVASA ENTERPRISES,1000025025,ASC,PRESTIGE,69863,MOTOR PLATER PEX 1.0/3.0/NUTR2/IR NM,PART,0,0,0,0,0,0,0
"TTK PRESTIGE LTD, VIJAYAWADA",SRI SRINIVASA ENTERPRISES,1000025025,ASC,PRESTIGE,69864,MOTOR PLATE SCREW CAP PEX 1.0/3/NU2/IRN,PART,0,0,0,0,0,0,0
"TTK PRESTIGE LTD, VIJAYAWADA",SRI SRINIVASA ENTERPRISES,1000025025,ASC,PRESTIGE,69865,MOTOR PLATE STICKER PEX 1/3/NUT2/IRI NM,PART,0,0,0,0,0,0,0
"TTK PRESTIGE LTD, VIJAYAWADA",SRI SRINIVASA ENTERPRISES,1000025025,ASC,PRESTIGE,69869,MICRO SWITCH-PEX 1.0/PEX 3.0/NUT2/IR,PART,0,0,0,0,0,0,0
"TTK PRESTIGE LTD, VIJAYAWADA",SRI SRINIVASA ENTERPRISES,1000025025,ASC,PRESTIGE,69870,DRY JAR PEX 1.0/ 3.0/NUTR2/IR NM/FUSION,PART,0,0,0,0,0,0,0
"TTK PRESTIGE LTD, VIJAYAWADA",SRI SRINIVASA ENTERPRISES,1000025025,ASC,PRESTIGE,69871,CHUTNEY JAR PEX 1.0/3.0/NUTR2/IR NM/FUSI,PART,0,0,0,0,0,0,0
"TTK PRESTIGE LTD, VIJAYAWADA",SRI SRINIVASA ENTERPRISES,1000025025,ASC,PRESTIGE,69901,BODY FRAME GTM 02 PLUS,PART,0,0,0,0,0,0,0
"TTK PRESTIGE LTD, VIJAYAWADA",SRI SRINIVASA ENTERPRISES,1000025025,ASC,PRESTIGE,69902,BODY FRAME GTM 04 PLUS/JAG 08,PART,0,0,0,0,0,0,0
"TTK PRESTIGE LTD, VIJAYAWADA",SRI SRINIVASA ENTERPRISES,1000025025,ASC,PRESTIGE,70003,MAIN PCB PIC 29.0,PART,0,0,0,0,0,0,0
"TTK PRESTIGE LTD, VIJAYAWADA",SRI SRINIVASA ENTERPRISES,1000025025,ASC,PRESTIGE,70004,CONTROL PCB PIC 29.0,PART,0,0,0,0,0,0,0
"TTK PRESTIGE LTD, VIJAYAWADA",SRI SRINIVASA ENTERPRISES,1000025025,ASC,PRESTIGE,70006,INDUCTION COIL PIC 16.0 PLUS/29.0,PART,0,0,0,0,0,0,0
"TTK PRESTIGE LTD, VIJAYAWADA",SRI SRINIVASA ENTERPRISES,1000025025,ASC,PRESTIGE,70117,MIX.TUBE MED GTMC2/3/SS/SUP/JAD3B/PRI2B,PART,0,0,0,0,0,0,0
"TTK PRESTIGE LTD, VIJAYAWADA",SRI SRINIVASA ENTERPRISES,1000025025,ASC,PRESTIGE,70118,RING WASHER SMALL-GTMC 02/03/SS/SUP/SUP,PART,0,0,0,0,0,0,0
"TTK PRESTIGE LTD, VIJAYAWADA",SRI SRINIVASA ENTERPRISES,1000025025,ASC,PRESTIGE,70119,RING WASHER MED.GTMC 02/03/SS/SUP/SUPR,PART,0,0,0,0,0,0,0
"TTK PRESTIGE LTD, VIJAYAWADA",SRI SRINIVASA ENTERPRISES,1000025025,ASC,PRESTIGE,70121,GLASS FOR GTMC/GTMP 02/SS,PART,0,0,0,0,0,0,0
"TTK PRESTIGE LTD, VIJAYAWADA",SRI SRINIVASA ENTERPRISES,1000025025,ASC,PRESTIGE,70125,BODY FRAME-GTM 02,PART,0,0,0,0,0,0,0
"TTK PRESTIGE LTD, VIJAYAWADA",SRI SRINIVASA ENTERPRISES,1000025025,ASC,PRESTIGE,70126,BODY FRAME-GTMC 02,PART,0,0,0,0,0,0,0
"TTK PRESTIGE LTD, VIJAYAWADA",SRI SRINIVASA ENTERPRISES,1000025025,ASC,PRESTIGE,70150,JAR COUPLER PARTNER FP/AMICA,PART,0,0,4,0,4,0,0
"TTK PRESTIGE LTD, VIJAYAWADA",SRI SRINIVASA ENTERPRISES,1000025025,ASC,PRESTIGE,70151,MOTOR COUPLER PARTNER FP/AMICA,PART,0,0,0,0,0,0,0
"TTK PRESTIGE LTD, VIJAYAWADA",SRI SRINIVASA ENTERPRISES,1000025025,ASC,PRESTIGE,70152,MOTOR ASSEMBLY PARTNER FP/AMICA,PART,0,0,0,0,0,0,0
"TTK PRESTIGE LTD, VIJAYAWADA",SRI SRINIVASA ENTERPRISES,1000025025,ASC,PRESTIGE,70153,GEAR BOX ASSEMBLY PARTNER FP/AMICA,PART,0,0,0,0,0,0,0
"TTK PRESTIGE LTD, VIJAYAWADA",SRI SRINIVASA ENTERPRISES,1000025025,ASC,PRESTIGE,70158,MICROSWITCH PARTNER FP/AMICA,PART,0,0,0,0,0,0,0
"TTK PRESTIGE LTD, VIJAYAWADA",SRI SRINIVASA ENTERPRISES,1000025025,ASC,PRESTIGE,70197,BODY FRAME GTM 04,PART,0,0,0,0,0,0,0
"TTK PRESTIGE LTD, VIJAYAWADA",SRI SRINIVASA ENTERPRISES,1000025025,ASC,PRESTIGE,70205,MOTOR PERF/PLUS/ZEST/STACKO/JM2 750W/TER,PART,0,0,0,0,0,0,0
"TTK PRESTIGE LTD, VIJAYAWADA",SRI SRINIVASA ENTERPRISES,1000025025,ASC,PRESTIGE,70232,MOTOR STRO/REG/IRS/PL/STR/ATL PL/MNZ750W,PART,0,0,0,0,0,0,0
"TTK PRESTIGE LTD, VIJAYAWADA",SRI SRINIVASA ENTERPRISES,1000025025,ASC,PRESTIGE,70270,GLASS FOR PEBS-02 EDGE SCHOTT,PART,0,0,0,0,0,0,0
"TTK PRESTIGE LTD, VIJAYAWADA",SRI SRINIVASA ENTERPRISES,1000025025,ASC,PRESTIGE,70272,GLASS FOR PEBS-04 EDGE SCHOTT,PART,0,0,0,0,0,0,0
"TTK PRESTIGE LTD, VIJAYAWADA",SRI SRINIVASA ENTERPRISES,1000025025,ASC,PRESTIGE,70608,CHOKE FOR-GKH 600/900 PLUS,PART,0,0,1,0,1,0,0
"TTK PRESTIGE LTD, VIJAYAWADA",SRI SRINIVASA ENTERPRISES,1000025025,ASC,PRESTIGE,70634,BURNER-SMALL PHTG 03/04 ES-NEW,PART,0,0,2,0,2,0,0
"TTK PRESTIGE LTD, VIJAYAWADA",SRI SRINIVASA ENTERPRISES,1000025025,ASC,PRESTIGE,70648,MOTOR ASSLY PHM 2.0,PART,0,0,0,0,0,0,0
"TTK PRESTIGE LTD, VIJAYAWADA",SRI SRINIVASA ENTERPRISES,1000025025,ASC,PRESTIGE,70653,SWITCH PHM 2.0,PART,0,0,0,0,0,0,0
"TTK PRESTIGE LTD, VIJAYAWADA",SRI SRINIVASA ENTERPRISES,1000025025,ASC,PRESTIGE,70662,CONTROL PCB PIC 12.0 N V2/JEA 201,PART,0,0,0,0,0,0,0
"TTK PRESTIGE LTD, VIJAYAWADA",SRI SRINIVASA ENTERPRISES,1000025025,ASC,PRESTIGE,70666,SS CONT. W HEATINGELEMENT PMC 1.0 PLUS,PART,0,0,0,0,0,0,0
"TTK PRESTIGE LTD, VIJAYAWADA",SRI SRINIVASA ENTERPRISES,1000025025,ASC,PRESTIGE,70668,VARIABLE THERMOSTAT KNOB PMC 1.0 PLUS,PART,0,0,0,0,0,0,0
"TTK PRESTIGE LTD, VIJAYAWADA",SRI SRINIVASA ENTERPRISES,1000025025,ASC,PRESTIGE,70669,VARIABLE THERMOSTAT PMC 1.0 PLUS,PART,0,0,0,0,0,0,0
"TTK PRESTIGE LTD, VIJAYAWADA",SRI SRINIVASA ENTERPRISES,1000025025,ASC,PRESTIGE,70670,MAIN BODY BOTTOM COVER PMC 1.0 PLUS,PART,0,0,0,0,0,0,0
"TTK PRESTIGE LTD, VIJAYAWADA",SRI SRINIVASA ENTERPRISES,1000025025,ASC,PRESTIGE,70671,POWER BASE BOTTOM COVER PMC 1.0 PLUS,PART,0,0,0,0,0,0,0
"TTK PRESTIGE LTD, VIJAYAWADA",SRI SRINIVASA ENTERPRISES,1000025025,ASC,PRESTIGE,70794,GEAR ASSLY PCTJ 03/PCTJ 04,PART,0,0,0,0,0,0,0
"TTK PRESTIGE LTD, VIJAYAWADA",SRI SRINIVASA ENTERPRISES,1000025025,ASC,PRESTIGE,70795,MOTOR GEAR PCTJ 03/PCTJ 04,PART,0,0,0,0,0,0,0
"TTK PRESTIGE LTD, VIJAYAWADA",SRI SRINIVASA ENTERPRISES,1000025025,ASC,PRESTIGE,70808,MOTOR PCTJ 04,PART,0,0,0,0,0,0,0
"TTK PRESTIGE LTD, VIJAYAWADA",SRI SRINIVASA ENTERPRISES,1000025025,ASC,PRESTIGE,70875,JUICER JAR PEX 2.0/NUTRI MIX 1.0,PART,0,0,0,0,0,0,0
"TTK PRESTIGE LTD, VIJAYAWADA",SRI SRINIVASA ENTERPRISES,1000025025,ASC,PRESTIGE,70876,JUICER JAR LID ASSLY PEX 2.0/NUTRI MIX 1,PART,0,0,0,0,0,0,0
"TTK PRESTIGE LTD, VIJAYAWADA",SRI SRINIVASA ENTERPRISES,1000025025,ASC,PRESTIGE,70892,WET JAR ASSEMBLY-DELIGHT PLUS,PART,0,0,0,0,0,0,0
"TTK PRESTIGE LTD, VIJAYAWADA",SRI SRINIVASA ENTERPRISES,1000025025,ASC,PRESTIGE,70894,CHUTNEY JAR ASSEMBLY-DELIGHT PLUS,PART,0,0,0,0,0,0,0
"TTK PRESTIGE LTD, VIJAYAWADA",SRI SRINIVASA ENTERPRISES,1000025025,ASC,PRESTIGE,70952,KNOB GTB 02/03/04/SLEEK,PART,0,0,4,0,4,0,0
"TTK PRESTIGE LTD, VIJAYAWADA",SRI SRINIVASA ENTERPRISES,1000025025,ASC,PRESTIGE,70988,POWER CORD-SPLENDOR/RAPID,PART,0,0,1,0,1,0,0
"TTK PRESTIGE LTD, VIJAYAWADA",SRI SRINIVASA ENTERPRISES,1000025025,ASC,PRESTIGE,70995,ALU. BUSH PLATE ASSLY-STYLO NEW T/SPLEN,PART,0,0,0,0,0,0,0
"TTK PRESTIGE LTD, VIJAYAWADA",SRI SRINIVASA ENTERPRISES,1000025025,ASC,PRESTIGE,71029,JAR BASE-REGAL,PART,0,0,0,0,0,0,0
"TTK PRESTIGE LTD, VIJAYAWADA",SRI SRINIVASA ENTERPRISES,1000025025,ASC,PRESTIGE,71033,WET JAR ASSLY-REGAL,PART,0,0,0,0,0,0,0
"TTK PRESTIGE LTD, VIJAYAWADA",SRI SRINIVASA ENTERPRISES,1000025025,ASC,PRESTIGE,71034,DRY JAR ASSLY-REGAL,PART,0,0,0,0,0,0,0
"TTK PRESTIGE LTD, VIJAYAWADA",SRI SRINIVASA ENTERPRISES,1000025025,ASC,PRESTIGE,71035,CHUTNEY JAR ASSLY-REGAL,PART,0,0,0,0,0,0,0
"TTK PRESTIGE LTD, VIJAYAWADA",SRI SRINIVASA ENTERPRISES,1000025025,ASC,PRESTIGE,71036,JUICER EXTRACTOR JAR ASSLY-REGAL,PART,0,0,0,0,0,0,0
"TTK PRESTIGE LTD, VIJAYAWADA",SRI SRINIVASA ENTERPRISES,1000025025,ASC,PRESTIGE,71100,PAN SUPPORT-PEB/PEP EDGE-SQUARE PIN,PART,0,0,0,0,0,0,0
"TTK PRESTIGE LTD, VIJAYAWADA",SRI SRINIVASA ENTERPRISES,1000025025,ASC,PRESTIGE,71102,DRIP TRAY-MEDIUM PEB/PEP EDGE-SQUARE TYP,PART,0,0,0,0,0,0,0
"TTK PRESTIGE LTD, VIJAYAWADA",SRI SRINIVASA ENTERPRISES,1000025025,ASC,PRESTIGE,71103,DRIP TRAY-JUMBO PEB/PEP EDGE-SQUARE TYPE,PART,0,0,0,0,0,0,0
"TTK PRESTIGE LTD, VIJAYAWADA",SRI SRINIVASA ENTERPRISES,1000025025,ASC,PRESTIGE,71177,WET JAR ASSLY ATLAS PLUS/TURBO 750,PART,0,0,0,0,0,0,0
"TTK PRESTIGE LTD, VIJAYAWADA",SRI SRINIVASA ENTERPRISES,1000025025,ASC,PRESTIGE,71179,CHUTNEY JAR ASSLY ATLAS PLUS/TURBO 750,PART,0,0,0,0,0,0,0
"TTK PRESTIGE LTD, VIJAYAWADA",SRI SRINIVASA ENTERPRISES,1000025025,ASC,PRESTIGE,71242,GAS VALVE 39DEG W/O THREAD,PART,0,0,0,0,0,0,0
"TTK PRESTIGE LTD, VIJAYAWADA",SRI SRINIVASA ENTERPRISES,1000025025,ASC,PRESTIGE,71243,GAS VALVE 39DEG W/O THREAD JUMBO,PART,0,0,0,0,0,0,0
"TTK PRESTIGE LTD, VIJAYAWADA",SRI SRINIVASA ENTERPRISES,1000025025,ASC,PRESTIGE,71244,GAS VALVE SABAF JUMBO,PART,0,0,0,0,0,0,0
"TTK PRESTIGE LTD, VIJAYAWADA",SRI SRINIVASA ENTERPRISES,1000025025,ASC,PRESTIGE,71295,GLASS W/FRAME PEBS-04 EDGE SCHOTT,PART,  ,0,0,0,  ,0,0
"TTK PRESTIGE LTD, VIJAYAWADA",SRI SRINIVASA ENTERPRISES,1000025025,ASC,PRESTIGE,71329,SWITCH KNOB PWG 07,PART,0,0,0,0,0,0,0
"TTK PRESTIGE LTD, VIJAYAWADA",SRI SRINIVASA ENTERPRISES,1000025025,ASC,PRESTIGE,71330,DRUM LID PWG 07/VERNA/ULT PRO,PART,0,0,0,0,0,0,0
"TTK PRESTIGE LTD, VIJAYAWADA",SRI SRINIVASA ENTERPRISES,1000025025,ASC,PRESTIGE,71331,DRUM ASLY PWG 07/ATL/VERNA/ULT PRO/ID250,PART,0,0,0,0,0,0,0
"TTK PRESTIGE LTD, VIJAYAWADA",SRI SRINIVASA ENTERPRISES,1000025025,ASC,PRESTIGE,71333,SUBASLY W/O STONE ATL/7/G8SR.3883116,PART,0,0,0,0,0,0,0
"TTK PRESTIGE LTD, VIJAYAWADA",SRI SRINIVASA ENTERPRISES,1000025025,ASC,PRESTIGE,71335,TOPLOCK NUT ATL/JWG1/PWG7/G8 SR.3883116,PART,0,0,0,0,0,0,0
"TTK PRESTIGE LTD, VIJAYAWADA",SRI SRINIVASA ENTERPRISES,1000025025,ASC,PRESTIGE,71336,SS SPRING ATL/JWG1/PWG7/G8 SR.3883116,PART,0,0,0,0,0,0,0
"TTK PRESTIGE LTD, VIJAYAWADA",SRI SRINIVASA ENTERPRISES,1000025025,ASC,PRESTIGE,71337,CENTRESHAFT ATL/PWG7/G8 SR.3883116/VERNA,PART,0,0,0,0,0,0,0
"TTK PRESTIGE LTD, VIJAYAWADA",SRI SRINIVASA ENTERPRISES,1000025025,ASC,PRESTIGE,71339,BELT ATL/PWG7/G8 SR.3883116/VERNA,PART,0,0,0,0,0,0,0
"TTK PRESTIGE LTD, VIJAYAWADA",SRI SRINIVASA ENTERPRISES,1000025025,ASC,PRESTIGE,71340,WHEELRING ATL/PWG7/G8 SR.3883116/VERNA,PART,0,0,0,0,0,0,0
"TTK PRESTIGE LTD, VIJAYAWADA",SRI SRINIVASA ENTERPRISES,1000025025,ASC,PRESTIGE,71341,DRIVEWHEEL ASLY ATL/PWG7/G8 SR.3883116,PART,0,0,0,0,0,0,0
"TTK PRESTIGE LTD, VIJAYAWADA",SRI SRINIVASA ENTERPRISES,1000025025,ASC,PRESTIGE,71342,RUBBER LEG PWG 07/ATLAS WG/VERNA/ULT PRO,PART,0,0,0,0,0,0,0
"TTK PRESTIGE LTD, VIJAYAWADA",SRI SRINIVASA ENTERPRISES,1000025025,ASC,PRESTIGE,71346,TOP CUP PWG 08/09/10,PART,0,0,0,0,0,0,0
"TTK PRESTIGE LTD, VIJAYAWADA",SRI SRINIVASA ENTERPRISES,1000025025,ASC,PRESTIGE,71349,DRUM ASSEMBLY ID238 PWG 08/09/10/PVG 2.0,PART,0,0,0,0,0,0,0
"TTK PRESTIGE LTD, VIJAYAWADA",SRI SRINIVASA ENTERPRISES,1000025025,ASC,PRESTIGE,71350,ROLLER STONES SET PWG 08/09/10,PART,0,0,0,0,0,0,0
"TTK PRESTIGE LTD, VIJAYAWADA",SRI SRINIVASA ENTERPRISES,1000025025,ASC,PRESTIGE,71351,SUB ASSLY W/O STONE PWG 08/09/10,PART,0,0,0,0,0,0,0
"TTK PRESTIGE LTD, VIJAYAWADA",SRI SRINIVASA ENTERPRISES,1000025025,ASC,PRESTIGE,71353,TOP LOCK  NUT PWG 08,PART,0,0,0,0,0,0,0
"TTK PRESTIGE LTD, VIJAYAWADA",SRI SRINIVASA ENTERPRISES,1000025025,ASC,PRESTIGE,71354,SS SPRING PWG 08/09/10,PART,0,0,0,0,0,0,0
"TTK PRESTIGE LTD, VIJAYAWADA",SRI SRINIVASA ENTERPRISES,1000025025,ASC,PRESTIGE,71355,CENTRE SHAFT PWG 08/09/10,PART,0,0,0,0,0,0,0
"TTK PRESTIGE LTD, VIJAYAWADA",SRI SRINIVASA ENTERPRISES,1000025025,ASC,PRESTIGE,71356,CENTRE SHAFT GROMMET PWG 08,PART,0,0,0,0,0,0,0
"TTK PRESTIGE LTD, VIJAYAWADA",SRI SRINIVASA ENTERPRISES,1000025025,ASC,PRESTIGE,71358,MOTOR PWG 08,PART,0,0,0,0,0,0,0
"TTK PRESTIGE LTD, VIJAYAWADA",SRI SRINIVASA ENTERPRISES,1000025025,ASC,PRESTIGE,71359,DRIVE WHEEL ASSEMBLY PWG 08 OLD TYPE,PART,0,0,0,0,0,0,0
"TTK PRESTIGE LTD, VIJAYAWADA",SRI SRINIVASA ENTERPRISES,1000025025,ASC,PRESTIGE,71360,RUBBER LEG PWG 08,PART,0,0,4,0,4,0,0
"TTK PRESTIGE LTD, VIJAYAWADA",SRI SRINIVASA ENTERPRISES,1000025025,ASC,PRESTIGE,71362,GLASS FOR-GTM 02 PLUS NEW-DMT,PART,0,0,0,0,0,0,0
"TTK PRESTIGE LTD, VIJAYAWADA",SRI SRINIVASA ENTERPRISES,1000025025,ASC,PRESTIGE,71364,GLASS FOR GTM 04 PLU/SQ NEW DMT 585X530,PART,0,0,0,0,0,0,0
"TTK PRESTIGE LTD, VIJAYAWADA",SRI SRINIVASA ENTERPRISES,1000025025,ASC,PRESTIGE,71371,BODY FRAME-GTM 02 PLUS NEW,PART,0,0,0,1,0,1,0
"TTK PRESTIGE LTD, VIJAYAWADA",SRI SRINIVASA ENTERPRISES,1000025025,ASC,PRESTIGE,71376,BODY FRAME-GTM 04 PLUS NEW SS,PART,0,0,0,0,0,0,0
"TTK PRESTIGE LTD, VIJAYAWADA",SRI SRINIVASA ENTERPRISES,1000025025,ASC,PRESTIGE,71393,MAIN PCB PIC 20.0 PLUS,PART,0,0,1,0,1,0,0
"TTK PRESTIGE LTD, VIJAYAWADA",SRI SRINIVASA ENTERPRISES,1000025025,ASC,PRESTIGE,71408,MOTOR TEZ/ORION 500 W,PART,0,0,0,1,0,1,0
"TTK PRESTIGE LTD, VIJAYAWADA",SRI SRINIVASA ENTERPRISES,1000025025,ASC,PRESTIGE,71477,MIX.TUBE MEDIUM DMT-GTM/IRIS PLUS 2/3 AI,PART,0,0,0,0,0,0,0
"TTK PRESTIGE LTD, VIJAYAWADA",SRI SRINIVASA ENTERPRISES,1000025025,ASC,PRESTIGE,71478,MIX.TUBE BIG JUMBO DMT-ROYAL-GTM PLU,PART,1,0,0,0,1,0,0
"TTK PRESTIGE LTD, VIJAYAWADA",SRI SRINIVASA ENTERPRISES,1000025025,ASC,PRESTIGE,71480,JET 0.6 PEIZO GTM PLUS 02/03 AI,PART,0,0,0,0,0,0,0
"TTK PRESTIGE LTD, VIJAYAWADA",SRI SRINIVASA ENTERPRISES,1000025025,ASC,PRESTIGE,71481,JET 0.7 PEIZO GTM PLUS 02/03 04 AI,PART,0,0,0,0,0,0,0
"TTK PRESTIGE LTD, VIJAYAWADA",SRI SRINIVASA ENTERPRISES,1000025025,ASC,PRESTIGE,71493,GAS VALVE 39 DEG. PIEZO GTM/IRI PLUS 2/3,PART,0,0,0,0,0,0,0
"TTK PRESTIGE LTD, VIJAYAWADA",SRI SRINIVASA ENTERPRISES,1000025025,ASC,PRESTIGE,71520,MIX.TUBE SMALL GTMC3N/SS/SUP/JAD/PRM DMT,PART,0,0,0,0,0,0,0
"TTK PRESTIGE LTD, VIJAYAWADA",SRI SRINIVASA ENTERPRISES,1000025025,ASC,PRESTIGE,71521,MIX.TUBE MED GTMC2/3N/PRM DMT/JAG4/5,PART,0,0,0,0,0,0,0
"TTK PRESTIGE LTD, VIJAYAWADA",SRI SRINIVASA ENTERPRISES,1000025025,ASC,PRESTIGE,71566,BOTTOM BODY PEX 3.0/IRIS NM/NUTRI M 2.0,PART,0,0,0,0,0,0,0
"TTK PRESTIGE LTD, VIJAYAWADA",SRI SRINIVASA ENTERPRISES,1000025025,ASC,PRESTIGE,71568,MOTOR-PEX 3.0/IRIS NM/NUTRI M 2.0,PART,0,0,0,1,0,1,0
"TTK PRESTIGE LTD, VIJAYAWADA",SRI SRINIVASA ENTERPRISES,1000025025,ASC,PRESTIGE,71572,DRY JAR ASSLY-PEX 3.0/IRIS/NUTRI M 2.0,PART,0,0,0,0,0,0,0
"TTK PRESTIGE LTD, VIJAYAWADA",SRI SRINIVASA ENTERPRISES,1000025025,ASC,PRESTIGE,71573,CHUTNEY JAR ASSLY-PEX 3.0/IRIS NM/NUTR,PART,0,0,0,0,0,0,0
"TTK PRESTIGE LTD, VIJAYAWADA",SRI SRINIVASA ENTERPRISES,1000025025,ASC,PRESTIGE,71589,MOTOR ELEGANT V2/STYLO V2 750W,PART,0,0,0,0,0,0,0
"TTK PRESTIGE LTD, VIJAYAWADA",SRI SRINIVASA ENTERPRISES,1000025025,ASC,PRESTIGE,71709,MOTOR ULTIMATE/ULTIMATE PLUS 750W,PART,0,0,0,0,0,0,0
"TTK PRESTIGE LTD, VIJAYAWADA",SRI SRINIVASA ENTERPRISES,1000025025,ASC,PRESTIGE,71727,RING WASHER BIG AI-SPL/JUMBO GT,PART,0,0,0,0,0,0,0
"TTK PRESTIGE LTD, VIJAYAWADA",SRI SRINIVASA ENTERPRISES,1000025025,ASC,PRESTIGE,71806,PAN SUPPORT-PRIME/JAD3B/SV,PART,0,0,0,0,0,0,0
"TTK PRESTIGE LTD, VIJAYAWADA",SRI SRINIVASA ENTERPRISES,1000025025,ASC,PRESTIGE,71812,MAIN PCB RIO/IRIS 1.0/VISTA/RIO PL/IR EC,PART,0,0,0,0,0,0,0
"TTK PRESTIGE LTD, VIJAYAWADA",SRI SRINIVASA ENTERPRISES,1000025025,ASC,PRESTIGE,71813,CONTROL PCB RIO/PL/C/IRI1/ECO/VI/RAY,PART,0,0,0,0,0,0,0
"TTK PRESTIGE LTD, VIJAYAWADA",SRI SRINIVASA ENTERPRISES,1000025025,ASC,PRESTIGE,71828,MOTOR STYLO V2 550W/NEO,PART,0,0,0,0,0,0,0
"TTK PRESTIGE LTD, VIJAYAWADA",SRI SRINIVASA ENTERPRISES,1000025025,ASC,PRESTIGE,71881,GLASS FOR GTMCSQ/GTI/GTA/ATL PL/IR PL 04,PART,0,0,0,0,0,0,0
"TTK PRESTIGE LTD, VIJAYAWADA",SRI SRINIVASA ENTERPRISES,1000025025,ASC,PRESTIGE,71882,MIX.TUBE MED.17 DEG GTMC04SQ/GTI/A/SUP,PART,0,0,0,0,0,0,0
"TTK PRESTIGE LTD, VIJAYAWADA",SRI SRINIVASA ENTERPRISES,1000025025,ASC,PRESTIGE,71884,MIX.TUBE MEDIUM LONG GTMC 04 SQ/GTI/GTA,PART,0,0,0,0,0,0,0
"TTK PRESTIGE LTD, VIJAYAWADA",SRI SRINIVASA ENTERPRISES,1000025025,ASC,PRESTIGE,71885,MIX.TUBE SMALL LONG GTMC 04 SQ/GTI/GTA,PART,0,0,0,0,0,0,0
"TTK PRESTIGE LTD, VIJAYAWADA",SRI SRINIVASA ENTERPRISES,1000025025,ASC,PRESTIGE,71888,PAN SUPPORT GTMC4SQ/GTI/A/SUP/ATPL/IRPL,PART,0,0,0,0,0,0,0
"TTK PRESTIGE LTD, VIJAYAWADA",SRI SRINIVASA ENTERPRISES,1000025025,ASC,PRESTIGE,71905,BODY FRAME-GTM 04L PLUS DMT,PART,0,0,0,0,0,0,0
"TTK PRESTIGE LTD, VIJAYAWADA",SRI SRINIVASA ENTERPRISES,1000025025,ASC,PRESTIGE,71907,MIX.TUBE SMALL DMT-GTM 04L PLUS DMT,PART,0,0,1,0,1,0,0
"TTK PRESTIGE LTD, VIJAYAWADA",SRI SRINIVASA ENTERPRISES,1000025025,ASC,PRESTIGE,71908,MIX.TUBE MEDIUM-GTM 04L PLUS DMT,PART,0,0,2,0,2,0,0
"TTK PRESTIGE LTD, VIJAYAWADA",SRI SRINIVASA ENTERPRISES,1000025025,ASC,PRESTIGE,71910,GLASS FOR-GTM 04L PLUS DMT,PART,0,0,0,0,0,0,0
"TTK PRESTIGE LTD, VIJAYAWADA",SRI SRINIVASA ENTERPRISES,1000025025,ASC,PRESTIGE,71914,BURNER BIG PHTV 3/4/PHTM 2/3/4AI,PART,0,0,6,0,6,0,0
"TTK PRESTIGE LTD, VIJAYAWADA",SRI SRINIVASA ENTERPRISES,1000025025,ASC,PRESTIGE,71915,BURNER MEDIUM  PHTV 3/4/PHTM 2/3/4AI,PART,0,0,5,0,5,0,0
"TTK PRESTIGE LTD, VIJAYAWADA",SRI SRINIVASA ENTERPRISES,1000025025,ASC,PRESTIGE,71916,BURNER SMALL PHTV 3/4/PHTM 2/3/4AI,PART,0,0,4,0,4,0,0
"TTK PRESTIGE LTD, VIJAYAWADA",SRI SRINIVASA ENTERPRISES,1000025025,ASC,PRESTIGE,71917,BURNER BIG MT-TOP PHTV 3/4/PHTM 2/3/4 AI,PART,0,0,3,0,3,0,0
"TTK PRESTIGE LTD, VIJAYAWADA",SRI SRINIVASA ENTERPRISES,1000025025,ASC,PRESTIGE,71918,BURNER MEDI. MT-TOP PHTV 3/4/PHTM2/3/4AI,PART,0,0,2,0,2,0,0
"TTK PRESTIGE LTD, VIJAYAWADA",SRI SRINIVASA ENTERPRISES,1000025025,ASC,PRESTIGE,71919,BURNER SMALL MT-TOP PHTV3/4/PHTM2/3/4 AI,PART,0,0,4,0,4,0,0
"TTK PRESTIGE LTD, VIJAYAWADA",SRI SRINIVASA ENTERPRISES,1000025025,ASC,PRESTIGE,71920,DRIP TRAY BIG PHTV 03/04/PHTM 02/03/04AI,PART,0,0,0,0,0,0,0
"TTK PRESTIGE LTD, VIJAYAWADA",SRI SRINIVASA ENTERPRISES,1000025025,ASC,PRESTIGE,71921,DRIP TRAY MEDIUM PHTV 3/4/PHMT 2/3/4 AI,PART,0,0,1,0,1,0,0
"TTK PRESTIGE LTD, VIJAYAWADA",SRI SRINIVASA ENTERPRISES,1000025025,ASC,PRESTIGE,71922,DRIP TRAY SMALL  PHTV 3/4/PHMT 2/3/4 AI,PART,0,0,1,0,1,0,0
"TTK PRESTIGE LTD, VIJAYAWADA",SRI SRINIVASA ENTERPRISES,1000025025,ASC,PRESTIGE,71923,KNOB PHTV 03/04,PART,0,0,1,0,1,0,0
"TTK PRESTIGE LTD, VIJAYAWADA",SRI SRINIVASA ENTERPRISES,1000025025,ASC,PRESTIGE,71927,BURNER BASE TOP COVER BIG PHTV/PHTM AI,PART,0,0,0,0,0,0,0
"TTK PRESTIGE LTD, VIJAYAWADA",SRI SRINIVASA ENTERPRISES,1000025025,ASC,PRESTIGE,71928,BURNER BASE TOP COVER MED PHTV/PHTM AI,PART,0,0,0,0,0,0,0
"TTK PRESTIGE LTD, VIJAYAWADA",SRI SRINIVASA ENTERPRISES,1000025025,ASC,PRESTIGE,71929,DRIP TRAY WASHER BIG/MEDIUM PHTV/PHTMAI,PART,0,0,0,0,0,0,0
"TTK PRESTIGE LTD, VIJAYAWADA",SRI SRINIVASA ENTERPRISES,1000025025,ASC,PRESTIGE,71931,BURNER BASE MT BIG PHTV3/4/PHTM 2/3/4 AI,PART,0,0,0,0,0,0,0
"TTK PRESTIGE LTD, VIJAYAWADA",SRI SRINIVASA ENTERPRISES,1000025025,ASC,PRESTIGE,71932,BURNER BASE MEDI. MT PHTVP/PHTM2/3/4,PART,0,0,0,0,0,0,0
"TTK PRESTIGE LTD, VIJAYAWADA",SRI SRINIVASA ENTERPRISES,1000025025,ASC,PRESTIGE,71935,GAS VALE ASSEMBLY PHTV 3/4 PHTM 2/3/4 AI,PART,0,0,0,0,0,0,0
"TTK PRESTIGE LTD, VIJAYAWADA",SRI SRINIVASA ENTERPRISES,1000025025,ASC,PRESTIGE,71973,PNG JET 0.62 PHTV 03/04,PART,0,0,3,0,3,0,0
"TTK PRESTIGE LTD, VIJAYAWADA",SRI SRINIVASA ENTERPRISES,1000025025,ASC,PRESTIGE,71974,PNG JET 0.70 PHTV 03/04,PART,0,0,1,0,1,0,0
"TTK PRESTIGE LTD, VIJAYAWADA",SRI SRINIVASA ENTERPRISES,1000025025,ASC,PRESTIGE,72006,ADOPTER-IRIS BLACK,PART,0,0,0,0,0,0,0
"TTK PRESTIGE LTD, VIJAYAWADA",SRI SRINIVASA ENTERPRISES,1000025025,ASC,PRESTIGE,72013,DRY JAR ASSLY IRIS BLACK/CELESTA,PART,0,0,1,0,1,0,0
"TTK PRESTIGE LTD, VIJAYAWADA",SRI SRINIVASA ENTERPRISES,1000025025,ASC,PRESTIGE,72040,JET ANTI/ANT DUST-58 L/H,PART,0,0,0,0,0,0,0
"TTK PRESTIGE LTD, VIJAYAWADA",SRI SRINIVASA ENTERPRISES,1000025025,ASC,PRESTIGE,72041,JET ANTI/ANT DUST-77 L/H,PART,0,0,0,0,0,0,0
"TTK PRESTIGE LTD, VIJAYAWADA",SRI SRINIVASA ENTERPRISES,1000025025,ASC,PRESTIGE,72047,HEATING PLATE FERN 1.8-2/JRC 02/SMART,PART,0,0,0,0,0,0,0
"TTK PRESTIGE LTD, VIJAYAWADA",SRI SRINIVASA ENTERPRISES,1000025025,ASC,PRESTIGE,72093,WET JAR ASSLY-NAK. NEO/CLASSIC,PART,0,0,0,0,0,0,0
"TTK PRESTIGE LTD, VIJAYAWADA",SRI SRINIVASA ENTERPRISES,1000025025,ASC,PRESTIGE,72120,SWITCH KNOB PWG 11,PART,0,0,0,0,0,0,0
"TTK PRESTIGE LTD, VIJAYAWADA",SRI SRINIVASA ENTERPRISES,1000025025,ASC,PRESTIGE,72123,MAIN BODY GREY-PWG 09/PWG 10,PART,0,0,0,0,0,0,0
"TTK PRESTIGE LTD, VIJAYAWADA",SRI SRINIVASA ENTERPRISES,1000025025,ASC,PRESTIGE,72124,BODY LEFT WHITE PWG 09,PART,0,0,0,0,0,0,0
"TTK PRESTIGE LTD, VIJAYAWADA",SRI SRINIVASA ENTERPRISES,1000025025,ASC,PRESTIGE,72125,BODY RIGHT WHITE PWG 09,PART,0,0,0,0,0,0,0
"TTK PRESTIGE LTD, VIJAYAWADA",SRI SRINIVASA ENTERPRISES,1000025025,ASC,PRESTIGE,72133,MAIN PCB W/FRONT PANEL PWG 09 MEM-SWITCH,PART,0,0,0,1,0,1,0
"TTK PRESTIGE LTD, VIJAYAWADA",SRI SRINIVASA ENTERPRISES,1000025025,ASC,PRESTIGE,72137,BELT PWG 08/ 09/PWG 10,PART,0,0,0,0,0,0,0
"TTK PRESTIGE LTD, VIJAYAWADA",SRI SRINIVASA ENTERPRISES,1000025025,ASC,PRESTIGE,72139,CENTRE SHAFT GROMMET PWG 09/PWG 10,PART,0,0,0,0,0,0,0
"TTK PRESTIGE LTD, VIJAYAWADA",SRI SRINIVASA ENTERPRISES,1000025025,ASC,PRESTIGE,72143,DRIVE WHEEL ASSEMBLY PWG 09/ 10,PART,0,0,0,0,0,0,0
"TTK PRESTIGE LTD, VIJAYAWADA",SRI SRINIVASA ENTERPRISES,1000025025,ASC,PRESTIGE,72147,BEARING PWG 09/10/VERNA,PART,0,0,0,0,0,0,0
"TTK PRESTIGE LTD, VIJAYAWADA",SRI SRINIVASA ENTERPRISES,1000025025,ASC,PRESTIGE,72151,FRONT GLASS OSCR 600/BLK/SAFE SENSE/CONT,PART,0,0,0,0,0,0,0
"TTK PRESTIGE LTD, VIJAYAWADA",SRI SRINIVASA ENTERPRISES,1000025025,ASC,PRESTIGE,72156,MOTOR ASLY AKH/OSCAR/B 60/90/SS/ED/SF/VD,PART,0,0,0,0,0,0,0
"TTK PRESTIGE LTD, VIJAYAWADA",SRI SRINIVASA ENTERPRISES,1000025025,ASC,PRESTIGE,72157,BLOWER OSCAR 600/900 B/SS/VP/EDG/VD/PLUS,PART,0,0,0,0,0,0,0
"TTK PRESTIGE LTD, VIJAYAWADA",SRI SRINIVASA ENTERPRISES,1000025025,ASC,PRESTIGE,72159,MAIN PCB OSCAR 600/900 BL/VP/AKH/EDG/VDL,PART,0,0,0,0,0,0,0
"TTK PRESTIGE LTD, VIJAYAWADA",SRI SRINIVASA ENTERPRISES,1000025025,ASC,PRESTIGE,72160,CONTROL PCB OSCAR 600/900 B/VPL/AKH/VDLX,PART,0,0,0,0,0,0,0
"TTK PRESTIGE LTD, VIJAYAWADA",SRI SRINIVASA ENTERPRISES,1000025025,ASC,PRESTIGE,72161,CAPACITOR OSCR/PL60/90 A/BL/SF SEN/VP/ED,PART,0,0,0,0,0,0,0
"TTK PRESTIGE LTD, VIJAYAWADA",SRI SRINIVASA ENTERPRISES,1000025025,ASC,PRESTIGE,72162,LED LAMP ASLY OSCAR 60/90 B/SF/VP/E/VD/P,PART,0,0,0,0,0,0,0
"TTK PRESTIGE LTD, VIJAYAWADA",SRI SRINIVASA ENTERPRISES,1000025025,ASC,PRESTIGE,72164,FIXING CLAMP OSCR B/PRO/VIS/ZAR/SS/ED/VD,PART,0,0,0,0,0,0,0
"TTK PRESTIGE LTD, VIJAYAWADA",SRI SRINIVASA ENTERPRISES,1000025025,ASC,PRESTIGE,72302,MAIN PCB PIC 15.0 PLUS-R,PART,0,0,0,0,0,0,0
"TTK PRESTIGE LTD, VIJAYAWADA",SRI SRINIVASA ENTERPRISES,1000025025,ASC,PRESTIGE,72308,MAIN PCB PIC 20.0-R/SUPERB,PART,0,0,0,0,0,0,0
"TTK PRESTIGE LTD, VIJAYAWADA",SRI SRINIVASA ENTERPRISES,1000025025,ASC,PRESTIGE,72309,MAIN PCB PIC 21.0/22.0-R,PART,0,0,0,0,0,0,0
"TTK PRESTIGE LTD, VIJAYAWADA",SRI SRINIVASA ENTERPRISES,1000025025,ASC,PRESTIGE,72322,MAIN PCB PIC 6.1 V3-2200 W-NV21-R,PART,0,0,0,0,0,0,0
"TTK PRESTIGE LTD, VIJAYAWADA",SRI SRINIVASA ENTERPRISES,1000025025,ASC,PRESTIGE,72351,JET 0.47 100MM OUTER RING BIG PHTV 03/04,PART,0,0,15,0,15,0,0
"TTK PRESTIGE LTD, VIJAYAWADA",SRI SRINIVASA ENTERPRISES,1000025025,ASC,PRESTIGE,72352,JET 0.39 100MM INNER RING BIG PHTV 03/04,PART,0,0,10,0,10,0,0
"TTK PRESTIGE LTD, VIJAYAWADA",SRI SRINIVASA ENTERPRISES,1000025025,ASC,PRESTIGE,72353,JET 0.50 90MM MEDIUM PHTV 03/04,PART,0,0,10,0,10,0,0
"TTK PRESTIGE LTD, VIJAYAWADA",SRI SRINIVASA ENTERPRISES,1000025025,ASC,PRESTIGE,72354,JET 0.44 70MM SMALL PHTV 03/04,PART,0,0,8,0,8,0,0
"TTK PRESTIGE LTD, VIJAYAWADA",SRI SRINIVASA ENTERPRISES,1000025025,ASC,PRESTIGE,72491,BURNER LARGE TOP CAP PHTV/PHTM 02/03/04,PART,0,0,5,0,5,0,0
"TTK PRESTIGE LTD, VIJAYAWADA",SRI SRINIVASA ENTERPRISES,1000025025,ASC,PRESTIGE,72546,MAIN PCB-PROVO 600/900/PLUS,PART,0,0,0,0,0,0,0
"TTK PRESTIGE LTD, VIJAYAWADA",SRI SRINIVASA ENTERPRISES,1000025025,ASC,PRESTIGE,72547,CONTROL PCB-PROVO 600/900/PLUS,PART,0,0,0,0,0,0,0
"TTK PRESTIGE LTD, VIJAYAWADA",SRI SRINIVASA ENTERPRISES,1000025025,ASC,PRESTIGE,72548,LED ASSEMBLY-PROVO 600/900/PLUS,PART,0,0,0,0,0,0,0
"TTK PRESTIGE LTD, VIJAYAWADA",SRI SRINIVASA ENTERPRISES,1000025025,ASC,PRESTIGE,72552,MOTOR ASSEMBLY-PROVO 600/900/PLUS,PART,0,0,0,0,0,0,0
"TTK PRESTIGE LTD, VIJAYAWADA",SRI SRINIVASA ENTERPRISES,1000025025,ASC,PRESTIGE,72553,SS OIL COLLECTOR-PROVO 600/PLUS,PART,0,0,0,0,0,0,0
"TTK PRESTIGE LTD, VIJAYAWADA",SRI SRINIVASA ENTERPRISES,1000025025,ASC,PRESTIGE,72625,MAIN PCB FLAIR/ATL3.0/XPRESS/ATL NEO,PART,0,0,1,0,1,0,0
"TTK PRESTIGE LTD, VIJAYAWADA",SRI SRINIVASA ENTERPRISES,1000025025,ASC,PRESTIGE,72626,CONTROL PCB FLR/ATL3/PL/XPRES/ATL NEO,PART,0,0,0,0,0,0,0
"TTK PRESTIGE LTD, VIJAYAWADA",SRI SRINIVASA ENTERPRISES,1000025025,ASC,PRESTIGE,72680,SABAF GAS VALVE RED HT EURO,PART,0,0,0,0,0,0,0
"TTK PRESTIGE LTD, VIJAYAWADA",SRI SRINIVASA ENTERPRISES,1000025025,ASC,PRESTIGE,72743,KNOB-GTI/GTA/SPARK 2B,PART,0,0,4,0,4,0,0
"TTK PRESTIGE LTD, VIJAYAWADA",SRI SRINIVASA ENTERPRISES,1000025025,ASC,PRESTIGE,72866,MIX.TUBE SMALL SVC/DUO/NEO/SL SVCH/GSTB,PART,0,0,0,0,0,0,0
"TTK PRESTIGE LTD, VIJAYAWADA",SRI SRINIVASA ENTERPRISES,1000025025,ASC,PRESTIGE,72867,MIX.TUBE MED. SVCH/DUO/NEO/SL SVCH/GTSB,PART,0,0,0,0,0,0,0
"TTK PRESTIGE LTD, VIJAYAWADA",SRI SRINIVASA ENTERPRISES,1000025025,ASC,PRESTIGE,72868,MIX.TUBE BIG JMBO SVCH/DUO/N/SL SVCH/GTS,PART,0,0,0,0,0,0,0
"TTK PRESTIGE LTD, VIJAYAWADA",SRI SRINIVASA ENTERPRISES,1000025025,ASC,PRESTIGE,72869,KNOB-GTSV/GTSB ORANGE CLIP INDICATOR,PART,0,0,0,0,0,0,0
"TTK PRESTIGE LTD, VIJAYAWADA",SRI SRINIVASA ENTERPRISES,1000025025,ASC,PRESTIGE,72870,KNOB PLATE-SVACHH/PER 3B/GTSB/DUO/NEO,PART,0,0,0,0,0,0,0
"TTK PRESTIGE LTD, VIJAYAWADA",SRI SRINIVASA ENTERPRISES,1000025025,ASC,PRESTIGE,72872,PAN SUPPORT SVCH/DUO/SLSVCH/NEO/PR3/GTSB,PART,0,0,0,0,0,0,0
"TTK PRESTIGE LTD, VIJAYAWADA",SRI SRINIVASA ENTERPRISES,1000025025,ASC,PRESTIGE,72874,GLASS-03 SVACHH/GTSB,PART,0,0,0,0,0,0,0
"TTK PRESTIGE LTD, VIJAYAWADA",SRI SRINIVASA ENTERPRISES,1000025025,ASC,PRESTIGE,72876,FRAME LEG LEFT 02/03-SVACHH/GSTB,PART,0,0,0,0,0,0,0
"TTK PRESTIGE LTD, VIJAYAWADA",SRI SRINIVASA ENTERPRISES,1000025025,ASC,PRESTIGE,72877,FRAME LEG RIGHT 02/03-SVACHH/GSTB,PART,0,0,1,0,1,0,0
"TTK PRESTIGE LTD, VIJAYAWADA",SRI SRINIVASA ENTERPRISES,1000025025,ASC,PRESTIGE,72878,PLASTIC FRAME LEFT 2/3 SVCH/GSTB DEC.CVR,PART,0,0,1,0,1,0,0
"TTK PRESTIGE LTD, VIJAYAWADA",SRI SRINIVASA ENTERPRISES,1000025025,ASC,PRESTIGE,72879,PLASTIC FRAME RIGHT 2/3 SVCH/GSTB D.CVR,PART,0,0,1,0,1,0,0
"TTK PRESTIGE LTD, VIJAYAWADA",SRI SRINIVASA ENTERPRISES,1000025025,ASC,PRESTIGE,72880,FRAME LEG LEFT PC 04-SVACHH/GTSB,PART,0,0,0,0,0,0,0
"TTK PRESTIGE LTD, VIJAYAWADA",SRI SRINIVASA ENTERPRISES,1000025025,ASC,PRESTIGE,72881,FRAME LEG RIGHT PC 04-SVACHH/GTSB,PART,0,0,0,0,0,0,0
"TTK PRESTIGE LTD, VIJAYAWADA",SRI SRINIVASA ENTERPRISES,1000025025,ASC,PRESTIGE,72882,PLASTIC FRAME LEFT 04-SVACHH/GTSB,PART,0,0,0,0,0,0,0
"TTK PRESTIGE LTD, VIJAYAWADA",SRI SRINIVASA ENTERPRISES,1000025025,ASC,PRESTIGE,72883,PLASTIC FRAME RIGHT 04-SVACHH/GTSB,PART,0,0,0,0,0,0,0
"TTK PRESTIGE LTD, VIJAYAWADA",SRI SRINIVASA ENTERPRISES,1000025025,ASC,PRESTIGE,72884,BACK SUPPORT FRAME STRIP 02 SVACHH/GTSB,PART,0,0,0,0,0,0,0
"TTK PRESTIGE LTD, VIJAYAWADA",SRI SRINIVASA ENTERPRISES,1000025025,ASC,PRESTIGE,72891,JET BACK PLT PC SVCH/SL/HSV/PR3/NEO/GTSB,PART,0,0,0,0,0,0,0
"TTK PRESTIGE LTD, VIJAYAWADA",SRI SRINIVASA ENTERPRISES,1000025025,ASC,PRESTIGE,72892,JET HOLDER TOP PLATE PC SVC/DUO/GTSB/HSV,PART,0,0,0,0,0,0,0
"TTK PRESTIGE LTD, VIJAYAWADA",SRI SRINIVASA ENTERPRISES,1000025025,ASC,PRESTIGE,72901,GAS VALVE 30DEGW/THREAD JUMBO/SL SVC,PART,0,0,0,0,0,0,0
"TTK PRESTIGE LTD, VIJAYAWADA",SRI SRINIVASA ENTERPRISES,1000025025,ASC,PRESTIGE,72902,RUBBER LEG BACK SVACHH/GTSB,PART,0,0,0,0,0,0,0
"TTK PRESTIGE LTD, VIJAYAWADA",SRI SRINIVASA ENTERPRISES,1000025025,ASC,PRESTIGE,72903,RUBBER LEG FRONT SVACHH/GTSB,PART,0,0,2,0,2,0,0
"TTK PRESTIGE LTD, VIJAYAWADA",SRI SRINIVASA ENTERPRISES,1000025025,ASC,PRESTIGE,72904,LIFTING KNOB/PAD SVCH/SLSVCH/GSTB/PR/HSV,PART,0,0,0,0,0,0,0
"TTK PRESTIGE LTD, VIJAYAWADA",SRI SRINIVASA ENTERPRISES,1000025025,ASC,PRESTIGE,72905,RUBBER LEG MIX.TUBE SVCH/SL/GTSB/HSV/PR3,PART,0,0,8,0,8,0,0
"TTK PRESTIGE LTD, VIJAYAWADA",SRI SRINIVASA ENTERPRISES,1000025025,ASC,PRESTIGE,72912,FOAMSHEET MIX.TUBE 250X250 SVCH/DUO/NEO,PART,0,0,0,0,0,0,0
"TTK PRESTIGE LTD, VIJAYAWADA",SRI SRINIVASA ENTERPRISES,1000025025,ASC,PRESTIGE,72974,MAIN PCB  ZARA 600/900,PART,0,0,0,0,0,0,0
"TTK PRESTIGE LTD, VIJAYAWADA",SRI SRINIVASA ENTERPRISES,1000025025,ASC,PRESTIGE,72975,CONTROL PCB  ZARA 600/900,PART,0,0,0,0,0,0,0
"TTK PRESTIGE LTD, VIJAYAWADA",SRI SRINIVASA ENTERPRISES,1000025025,ASC,PRESTIGE,73023,MOTOR MACHO 1000W,PART,0,0,0,0,0,0,0
"TTK PRESTIGE LTD, VIJAYAWADA",SRI SRINIVASA ENTERPRISES,1000025025,ASC,PRESTIGE,73024,OLP SWITCH 4.2 AMP MACHO/END/FP/AMC/HER,PART,0,0,0,0,0,0,0
"TTK PRESTIGE LTD, VIJAYAWADA",SRI SRINIVASA ENTERPRISES,1000025025,ASC,PRESTIGE,73136,WET JAR ASSLY DEL PRO/END/PRO/PRISM,PART,0,0,0,0,0,0,0
"TTK PRESTIGE LTD, VIJAYAWADA",SRI SRINIVASA ENTERPRISES,1000025025,ASC,PRESTIGE,73137,DRY JAR ASSLY DEL PRO/END/PRO/PRISM,PART,0,0,0,1,0,1,0
"TTK PRESTIGE LTD, VIJAYAWADA",SRI SRINIVASA ENTERPRISES,1000025025,ASC,PRESTIGE,73138,CHUTNEY JAR ASLY DEL PRO/END/PRO/PRISM,PART,0,0,0,0,0,0,0
"TTK PRESTIGE LTD, VIJAYAWADA",SRI SRINIVASA ENTERPRISES,1000025025,ASC,PRESTIGE,73139,MU JAR ASSLY-DEL PRO/ENDU/HYPR/TERRA,PART,0,0,0,0,0,0,0
"TTK PRESTIGE LTD, VIJAYAWADA",SRI SRINIVASA ENTERPRISES,1000025025,ASC,PRESTIGE,73142,MU JAR LID W/CAP DEL PRO/END/GENZ/MCH 6J,PART,0,0,0,0,0,0,0
"TTK PRESTIGE LTD, VIJAYAWADA",SRI SRINIVASA ENTERPRISES,1000025025,ASC,PRESTIGE,73144,MU JAR GEARBOX HOS BUSH DL PR/EN/GNZ/MCH,PART,0,0,0,0,0,0,0
"TTK PRESTIGE LTD, VIJAYAWADA",SRI SRINIVASA ENTERPRISES,1000025025,ASC,PRESTIGE,73149,MOTOR SUPB/CORL 550W/FLR/VIVA/ATL 550W,PART,0,0,0,0,0,0,0
"TTK PRESTIGE LTD, VIJAYAWADA",SRI SRINIVASA ENTERPRISES,1000025025,ASC,PRESTIGE,73195,ROTORY SWITCH-MONZA,PART,0,0,0,0,0,0,0
"TTK PRESTIGE LTD, VIJAYAWADA",SRI SRINIVASA ENTERPRISES,1000025025,ASC,PRESTIGE,73223,BURNER BASE SMALL MT PHTD2/3/4/BLK/ELE4B,PART,0,0,0,0,0,0,0
"TTK PRESTIGE LTD, VIJAYAWADA",SRI SRINIVASA ENTERPRISES,1000025025,ASC,PRESTIGE,73225,BURNER BASE MT TOP SMALL PHTD2/3/4/BL/E4,PART,0,0,0,0,0,0,0
"TTK PRESTIGE LTD, VIJAYAWADA",SRI SRINIVASA ENTERPRISES,1000025025,ASC,PRESTIGE,73226,BURNER BASE MT-TOP BIG/MED PHTD2/3/4/BL,PART,0,0,0,0,0,0,0
"TTK PRESTIGE LTD, VIJAYAWADA",SRI SRINIVASA ENTERPRISES,1000025025,ASC,PRESTIGE,73229,BASE BODY FOR PHTD 04/EFFICIA,PART,0,0,0,0,0,0,0
"TTK PRESTIGE LTD, VIJAYAWADA",SRI SRINIVASA ENTERPRISES,1000025025,ASC,PRESTIGE,73386,GLASS-02 SVCH DUO,PART,0,0,0,0,0,0,0
"TTK PRESTIGE LTD, VIJAYAWADA",SRI SRINIVASA ENTERPRISES,1000025025,ASC,PRESTIGE,73388,GLASS-04L SVCH DUO,PART,0,0,0,0,0,0,0
"TTK PRESTIGE LTD, VIJAYAWADA",SRI SRINIVASA ENTERPRISES,1000025025,ASC,PRESTIGE,73391,BODY FRAME-03 SVCH DUO/NEO,PART,0,0,0,0,0,0,0
"TTK PRESTIGE LTD, VIJAYAWADA",SRI SRINIVASA ENTERPRISES,1000025025,ASC,PRESTIGE,73392,BODY FRAME-04L SVCH DUO/NEO,PART,0,0,0,0,0,0,0
"TTK PRESTIGE LTD, VIJAYAWADA",SRI SRINIVASA ENTERPRISES,1000025025,ASC,PRESTIGE,73403,JET HOLDER TOP SIL.WASHER SVCH DUO/NEO,PART,0,0,0,0,0,0,0
"TTK PRESTIGE LTD, VIJAYAWADA",SRI SRINIVASA ENTERPRISES,1000025025,ASC,PRESTIGE,73412,MIX-O-KEEP JAR ASLY DEL PRO,PART,0,0,0,0,0,0,0
"TTK PRESTIGE LTD, VIJAYAWADA",SRI SRINIVASA ENTERPRISES,1000025025,ASC,PRESTIGE,73502,SWITCH PANEL PVG 1.5/2.0,PART,0,0,0,0,0,0,0
"TTK PRESTIGE LTD, VIJAYAWADA",SRI SRINIVASA ENTERPRISES,1000025025,ASC,PRESTIGE,73503,TIMER PVG 1.5/2.0,PART,0,0,0,0,0,0,0
"TTK PRESTIGE LTD, VIJAYAWADA",SRI SRINIVASA ENTERPRISES,1000025025,ASC,PRESTIGE,73504,OVERLOAD S/W PVG 1.5/2.0,PART,0,0,0,0,0,0,0
"TTK PRESTIGE LTD, VIJAYAWADA",SRI SRINIVASA ENTERPRISES,1000025025,ASC,PRESTIGE,73507,MOTOR PVG 1.5/2.0 OLD TYPE,PART,0,0,0,0,0,0,0
"TTK PRESTIGE LTD, VIJAYAWADA",SRI SRINIVASA ENTERPRISES,1000025025,ASC,PRESTIGE,73509,CAPACITOR PVG 1.5/2.0,PART,0,0,0,0,0,0,0
"TTK PRESTIGE LTD, VIJAYAWADA",SRI SRINIVASA ENTERPRISES,1000025025,ASC,PRESTIGE,73510,BELT PVG 1.5/2.0,PART,0,0,0,0,0,0,0
"TTK PRESTIGE LTD, VIJAYAWADA",SRI SRINIVASA ENTERPRISES,1000025025,ASC,PRESTIGE,73511,MOTOR PULLEY PVG 1.5/2.0,PART,0,0,0,0,0,0,0
"TTK PRESTIGE LTD, VIJAYAWADA",SRI SRINIVASA ENTERPRISES,1000025025,ASC,PRESTIGE,73512,BIG PULLEY PVG 1.5/2.0,PART,0,0,0,0,0,0,0
"TTK PRESTIGE LTD, VIJAYAWADA",SRI SRINIVASA ENTERPRISES,1000025025,ASC,PRESTIGE,73514,NYLON SPROCKET PVG 1.5/2.0,PART,0,0,0,0,0,0,0
"TTK PRESTIGE LTD, VIJAYAWADA",SRI SRINIVASA ENTERPRISES,1000025025,ASC,PRESTIGE,73515,MOTOR FAN PVG 1.5/2.0,PART,0,0,0,0,0,0,0
"TTK PRESTIGE LTD, VIJAYAWADA",SRI SRINIVASA ENTERPRISES,1000025025,ASC,PRESTIGE,73516,CENTRE SHAFT PVG 1.5/2.0,PART,0,0,0,0,0,0,0
"TTK PRESTIGE LTD, VIJAYAWADA",SRI SRINIVASA ENTERPRISES,1000025025,ASC,PRESTIGE,73518,BEARING SET PVG 1.5/2.0,PART,0,0,0,0,0,0,0
"TTK PRESTIGE LTD, VIJAYAWADA",SRI SRINIVASA ENTERPRISES,1000025025,ASC,PRESTIGE,73519,CENTRE FRAME PVG 1.5/2.0,PART,0,0,0,0,0,0,0
"TTK PRESTIGE LTD, VIJAYAWADA",SRI SRINIVASA ENTERPRISES,1000025025,ASC,PRESTIGE,73546,MAIN PCB PIC 25.0 PLUS,PART,0,0,0,0,0,0,0
"TTK PRESTIGE LTD, VIJAYAWADA",SRI SRINIVASA ENTERPRISES,1000025025,ASC,PRESTIGE,73547,CONTROL PCB PIC 25.0 PLUS,PART,0,0,0,0,0,0,0
"TTK PRESTIGE LTD, VIJAYAWADA",SRI SRINIVASA ENTERPRISES,1000025025,ASC,PRESTIGE,73557,ADAPTOR ENDURA/PRO,PART,0,0,0,0,0,0,0
"TTK PRESTIGE LTD, VIJAYAWADA",SRI SRINIVASA ENTERPRISES,1000025025,ASC,PRESTIGE,73561,SWITCH PLATE ENDURA/PRO,PART,0,0,0,0,0,0,0
"TTK PRESTIGE LTD, VIJAYAWADA",SRI SRINIVASA ENTERPRISES,1000025025,ASC,PRESTIGE,73562,SWITCH KNOB ENDURA/PRO,PART,0,0,0,0,0,0,0
"TTK PRESTIGE LTD, VIJAYAWADA",SRI SRINIVASA ENTERPRISES,1000025025,ASC,PRESTIGE,73564,MOTOR GROMMET ENDURA/PRO/PRISM,PART,0,0,0,0,0,0,0
"TTK PRESTIGE LTD, VIJAYAWADA",SRI SRINIVASA ENTERPRISES,1000025025,ASC,PRESTIGE,73565,MOTOR FOR ENDURA 1000W/PRO,PART,0,0,0,2,0,2,0
"TTK PRESTIGE LTD, VIJAYAWADA",SRI SRINIVASA ENTERPRISES,1000025025,ASC,PRESTIGE,73566,POWER CORD ENDURA/PRO/PRISM,PART,0,0,0,0,0,0,0
"TTK PRESTIGE LTD, VIJAYAWADA",SRI SRINIVASA ENTERPRISES,1000025025,ASC,PRESTIGE,73593,POWER CORD ORION/IRIS PRO/ASTRA,PART,0,0,0,0,0,0,0
"TTK PRESTIGE LTD, VIJAYAWADA",SRI SRINIVASA ENTERPRISES,1000025025,ASC,PRESTIGE,73608,CHUTNEY JAR ASSLY ORION,PART,0,0,0,0,0,0,0
"TTK PRESTIGE LTD, VIJAYAWADA",SRI SRINIVASA ENTERPRISES,1000025025,ASC,PRESTIGE,73615,GAS VALVE 0-DEG STRHTW/THREAD 0.5-gh JBO,PART,0,0,0,0,0,0,0
"TTK PRESTIGE LTD, VIJAYAWADA",SRI SRINIVASA ENTERPRISES,1000025025,ASC,PRESTIGE,73716,SS OIL COLLECTOR OSCAR 600/900 B/CON/PLU,PART,0,0,0,0,0,0,0
"TTK PRESTIGE LTD, VIJAYAWADA",SRI SRINIVASA ENTERPRISES,1000025025,ASC,PRESTIGE,73718,MOTOR COUPLER-MACHO,PART,0,0,0,0,0,0,0
"TTK PRESTIGE LTD, VIJAYAWADA",SRI SRINIVASA ENTERPRISES,1000025025,ASC,PRESTIGE,73729,PCB ASSLY PRWO 1.8-2 SMART,PART,0,0,0,0,0,0,0
"TTK PRESTIGE LTD, VIJAYAWADA",SRI SRINIVASA ENTERPRISES,1000025025,ASC,PRESTIGE,73732,CONTROL PANEL ASSLY PRWO 1.8-2 SMART,PART,0,0,0,0,0,0,0
"TTK PRESTIGE LTD, VIJAYAWADA",SRI SRINIVASA ENTERPRISES,1000025025,ASC,PRESTIGE,73766,GLASS-02 SVACHH NON SLOT,PART,0,0,0,0,0,0,0
"TTK PRESTIGE LTD, VIJAYAWADA",SRI SRINIVASA ENTERPRISES,1000025025,ASC,PRESTIGE,73767,GLASS-03 SVACHH NON SLOT,PART,0,0,0,0,0,0,0
"TTK PRESTIGE LTD, VIJAYAWADA",SRI SRINIVASA ENTERPRISES,1000025025,ASC,PRESTIGE,73768,GLASS-04 SVACHH NON SLOT,PART,0,0,0,0,0,0,0
"TTK PRESTIGE LTD, VIJAYAWADA",SRI SRINIVASA ENTERPRISES,1000025025,ASC,PRESTIGE,73777,CHUTNEY JAR ASSLY AMICA ,PART,0,0,0,0,0,0,0
"TTK PRESTIGE LTD, VIJAYAWADA",SRI SRINIVASA ENTERPRISES,1000025025,ASC,PRESTIGE,73778,DRY JAR ASSLY AMICA ,PART,0,0,0,0,0,0,0
"TTK PRESTIGE LTD, VIJAYAWADA",SRI SRINIVASA ENTERPRISES,1000025025,ASC,PRESTIGE,73804,MAIN PCB ATLAS 3.0 PLUS ,PART,0,0,1,0,1,0,0
"TTK PRESTIGE LTD, VIJAYAWADA",SRI SRINIVASA ENTERPRISES,1000025025,ASC,PRESTIGE,73859,MIX.TUBE-SMALL SVACHH NEO,PART,0,0,0,0,0,0,0
"TTK PRESTIGE LTD, VIJAYAWADA",SRI SRINIVASA ENTERPRISES,1000025025,ASC,PRESTIGE,73860,MIX.TUBE-MEDIUM SVACHH NEO,PART,0,0,0,0,0,0,0
"TTK PRESTIGE LTD, VIJAYAWADA",SRI SRINIVASA ENTERPRISES,1000025025,ASC,PRESTIGE,73861,MIX.TUBE-BIG JUMBO SVACHH NEO,PART,0,0,2,0,2,0,0
"TTK PRESTIGE LTD, VIJAYAWADA",SRI SRINIVASA ENTERPRISES,1000025025,ASC,PRESTIGE,73862,JET HOLDR BACK PLT PC SVCH NEO/SLSVC/N/P,PART,0,0,0,0,0,0,0
"TTK PRESTIGE LTD, VIJAYAWADA",SRI SRINIVASA ENTERPRISES,1000025025,ASC,PRESTIGE,73863,MIX. TUBE LOCK MECHANI SVCHN/SLSVC/NEO/P,PART,0,0,4,0,4,0,0
"TTK PRESTIGE LTD, VIJAYAWADA",SRI SRINIVASA ENTERPRISES,1000025025,ASC,PRESTIGE,73865,GLASS-03 SVCH NEO,PART,0,0,0,0,0,0,0
"TTK PRESTIGE LTD, VIJAYAWADA",SRI SRINIVASA ENTERPRISES,1000025025,ASC,PRESTIGE,73867,GLASS-04L SVCH NEO,PART,0,0,0,0,0,0,0
"TTK PRESTIGE LTD, VIJAYAWADA",SRI SRINIVASA ENTERPRISES,1000025025,ASC,PRESTIGE,73878,FRONT PANEL GTSB 2B SVACH,PART,0,0,0,0,0,0,0
"TTK PRESTIGE LTD, VIJAYAWADA",SRI SRINIVASA ENTERPRISES,1000025025,ASC,PRESTIGE,73888,GLASS FOR SVACHH HOB PSVH 04 AI,PART,0,0,0,0,0,0,0
"TTK PRESTIGE LTD, VIJAYAWADA",SRI SRINIVASA ENTERPRISES,1000025025,ASC,PRESTIGE,73982,MIX.TUBE-SMALL SVACH HSV AI/PER AI/PSEH,PART,0,0,0,0,0,0,0
"TTK PRESTIGE LTD, VIJAYAWADA",SRI SRINIVASA ENTERPRISES,1000025025,ASC,PRESTIGE,73983,MIX.TUBE-MEDIUM SVACHH HSV/PER 3BAI/PSEH,PART,0,0,0,0,0,0,0
"TTK PRESTIGE LTD, VIJAYAWADA",SRI SRINIVASA ENTERPRISES,1000025025,ASC,PRESTIGE,73984,MIX.TUBE-BIG JUMBO SVC HSV/PSEH/PR 3B AI,PART,0,0,0,0,0,0,0
"TTK PRESTIGE LTD, VIJAYAWADA",SRI SRINIVASA ENTERPRISES,1000025025,ASC,PRESTIGE,73989,MIX.TUBE SMALL GTMP 02/03/SS,PART,0,0,0,0,0,0,0
"TTK PRESTIGE LTD, VIJAYAWADA",SRI SRINIVASA ENTERPRISES,1000025025,ASC,PRESTIGE,73990,MIX.TUBE MEDIUM GTMP 02/03/SS,PART,0,0,0,0,0,0,0
"TTK PRESTIGE LTD, VIJAYAWADA",SRI SRINIVASA ENTERPRISES,1000025025,ASC,PRESTIGE,73991,PAN SUPPORT GTMP 02/03/SS,PART,0,0,0,0,0,0,0
"TTK PRESTIGE LTD, VIJAYAWADA",SRI SRINIVASA ENTERPRISES,1000025025,ASC,PRESTIGE,73993,GAS VALVE 70 GRMS GTMP 03/SS,PART,0,0,0,0,0,0,0
"TTK PRESTIGE LTD, VIJAYAWADA",SRI SRINIVASA ENTERPRISES,1000025025,ASC,PRESTIGE,73994,BODY FRAME-GTMP 02,PART,0,0,0,0,0,0,0
"TTK PRESTIGE LTD, VIJAYAWADA",SRI SRINIVASA ENTERPRISES,1000025025,ASC,PRESTIGE,73995,BODY FRAME-GTMP 03,PART,0,0,0,0,0,0,0
"TTK PRESTIGE LTD, VIJAYAWADA",SRI SRINIVASA ENTERPRISES,1000025025,ASC,PRESTIGE,74007,MAIN PCB RIO CERAMIC,PART,0,0,0,0,0,0,0
"TTK PRESTIGE LTD, VIJAYAWADA",SRI SRINIVASA ENTERPRISES,1000025025,ASC,PRESTIGE,74087,MAIN PCB PIC 20.0 WIZ,PART,0,0,0,0,0,0,0
"TTK PRESTIGE LTD, VIJAYAWADA",SRI SRINIVASA ENTERPRISES,1000025025,ASC,PRESTIGE,74088,CONTROL PCB PIC 20.0 WIZ,PART,0,0,0,0,0,0,0
"TTK PRESTIGE LTD, VIJAYAWADA",SRI SRINIVASA ENTERPRISES,1000025025,ASC,PRESTIGE,74117,DRUM LID PWG 08 NEW,PART,0,0,0,0,0,0,0
"TTK PRESTIGE LTD, VIJAYAWADA",SRI SRINIVASA ENTERPRISES,1000025025,ASC,PRESTIGE,74190,JAR BASE ATLAS SUPREME,PART,0,0,1,0,1,0,0
"TTK PRESTIGE LTD, VIJAYAWADA",SRI SRINIVASA ENTERPRISES,1000025025,ASC,PRESTIGE,74191,WET JAR ASSLY ATLAS SUPREME,PART,0,0,0,0,0,0,0
"TTK PRESTIGE LTD, VIJAYAWADA",SRI SRINIVASA ENTERPRISES,1000025025,ASC,PRESTIGE,74193,CHUTNEY JAR ASSLY ATLAS SUPREME,PART,0,0,0,0,0,0,0
"TTK PRESTIGE LTD, VIJAYAWADA",SRI SRINIVASA ENTERPRISES,1000025025,ASC,PRESTIGE,74202,BODY FRAME ATLAS/IRIS PLUS 2B,PART,0,0,0,0,0,0,0
"TTK PRESTIGE LTD, VIJAYAWADA",SRI SRINIVASA ENTERPRISES,1000025025,ASC,PRESTIGE,74205,GAS VALVE 30DEG W/O THREAD 70-GRMS,PART,0,0,1,0,1,0,0
"TTK PRESTIGE LTD, VIJAYAWADA",SRI SRINIVASA ENTERPRISES,1000025025,ASC,PRESTIGE,74236,MAIN PCB OSCAR 600/900 SAFESENSE/EG SAFS,PART,0,0,0,0,0,0,0
"TTK PRESTIGE LTD, VIJAYAWADA",SRI SRINIVASA ENTERPRISES,1000025025,ASC,PRESTIGE,74237,CONTROL PCB OSCAR 600/900/ED SFE SE W/SM,PART,0,0,0,0,0,0,0
"TTK PRESTIGE LTD, VIJAYAWADA",SRI SRINIVASA ENTERPRISES,1000025025,ASC,PRESTIGE,74302,MAIN PCB SPARK,PART,0,0,0,1,0,1,0
"TTK PRESTIGE LTD, VIJAYAWADA",SRI SRINIVASA ENTERPRISES,1000025025,ASC,PRESTIGE,74303,TOP CERAMIC PLATE SPARK,PART,0,0,0,0,0,0,0
"TTK PRESTIGE LTD, VIJAYAWADA",SRI SRINIVASA ENTERPRISES,1000025025,ASC,PRESTIGE,74333,DRY JAR ASSLY NAKSHTRA V2,PART,0,0,0,0,0,0,0
"TTK PRESTIGE LTD, VIJAYAWADA",SRI SRINIVASA ENTERPRISES,1000025025,ASC,PRESTIGE,74374,DRIP TRAY MEDIUM BURNER-SVACHH/GSTB,PART,0,0,0,0,0,0,0
"TTK PRESTIGE LTD, VIJAYAWADA",SRI SRINIVASA ENTERPRISES,1000025025,ASC,PRESTIGE,74379,ALUMINUM GAS VALVE ROYALE PLUS ROYALE ,PART,0,0,3,0,3,0,0
"TTK PRESTIGE LTD, VIJAYAWADA",SRI SRINIVASA ENTERPRISES,1000025025,ASC,PRESTIGE,74392,MOTOR CRYSTAL/ATLAS CLASSIC 500W,PART,0,0,0,0,0,0,0
"TTK PRESTIGE LTD, VIJAYAWADA",SRI SRINIVASA ENTERPRISES,1000025025,ASC,PRESTIGE,74445,MOTOR BREEZE JMG,PART,0,0,0,0,0,0,0
"TTK PRESTIGE LTD, VIJAYAWADA",SRI SRINIVASA ENTERPRISES,1000025025,ASC,PRESTIGE,74454,MU BOWL ENDURA PRO,PART,0,0,0,0,0,0,0
"TTK PRESTIGE LTD, VIJAYAWADA",SRI SRINIVASA ENTERPRISES,1000025025,ASC,PRESTIGE,74456,MU DRIVE BASE ASSLY ENDURA PRO,PART,0,0,0,0,0,0,0
"TTK PRESTIGE LTD, VIJAYAWADA",SRI SRINIVASA ENTERPRISES,1000025025,ASC,PRESTIGE,74458,PUSHER BIG PARTNER ENDURA PRO,PART,0,0,0,0,0,0,0
"TTK PRESTIGE LTD, VIJAYAWADA",SRI SRINIVASA ENTERPRISES,1000025025,ASC,PRESTIGE,74461,CHOPPING BLADE ENDURA PRO,PART,0,0,0,0,0,0,0
"TTK PRESTIGE LTD, VIJAYAWADA",SRI SRINIVASA ENTERPRISES,1000025025,ASC,PRESTIGE,74464,SLICER DISC ASSEMBLY ENDURA PRO,PART,0,0,0,0,0,0,0
"TTK PRESTIGE LTD, VIJAYAWADA",SRI SRINIVASA ENTERPRISES,1000025025,ASC,PRESTIGE,74488,GLASS GTMP 04 LONG,PART,0,0,0,0,0,0,0
"TTK PRESTIGE LTD, VIJAYAWADA",SRI SRINIVASA ENTERPRISES,1000025025,ASC,PRESTIGE,74489,BODY GTMP 04 LONG,PART,0,3,0,0,0,3,0
"TTK PRESTIGE LTD, VIJAYAWADA",SRI SRINIVASA ENTERPRISES,1000025025,ASC,PRESTIGE,74490,GAS PIPE ASSLY GTMP 04 LONG,PART,0,0,0,0,0,0,0
"TTK PRESTIGE LTD, VIJAYAWADA",SRI SRINIVASA ENTERPRISES,1000025025,ASC,PRESTIGE,74518,DRUM ASSEMBLY PWG 08 NEW TYPE,PART,0,0,0,0,0,0,0
"TTK PRESTIGE LTD, VIJAYAWADA",SRI SRINIVASA ENTERPRISES,1000025025,ASC,PRESTIGE,74519,MAIN PCB PIC 33.0 CERM PLATE-4 PIN SP24P,PART,0,0,0,0,0,0,0
"TTK PRESTIGE LTD, VIJAYAWADA",SRI SRINIVASA ENTERPRISES,1000025025,ASC,PRESTIGE,74520,CONTROL PCB PIC 33.0 CER PLT 4PIN SP24P,PART,0,0,0,0,0,0,0
"TTK PRESTIGE LTD, VIJAYAWADA",SRI SRINIVASA ENTERPRISES,1000025025,ASC,PRESTIGE,74529,SURGE PROTECTOR HVSP PCB INDU. COOKTOP,PART,0,0,2,0,2,0,0
"TTK PRESTIGE LTD, VIJAYAWADA",SRI SRINIVASA ENTERPRISES,1000025025,ASC,PRESTIGE,74530,MOTOR FIXING PLATE AND KIT NEW PWG 08,PART,0,0,0,0,0,0,0
"TTK PRESTIGE LTD, VIJAYAWADA",SRI SRINIVASA ENTERPRISES,1000025025,ASC,PRESTIGE,74548,ADAPTOR GRACE,PART,0,0,0,0,0,0,0
"TTK PRESTIGE LTD, VIJAYAWADA",SRI SRINIVASA ENTERPRISES,1000025025,ASC,PRESTIGE,74549,MAIN BODY GRACE,PART,0,0,0,0,0,0,0
"TTK PRESTIGE LTD, VIJAYAWADA",SRI SRINIVASA ENTERPRISES,1000025025,ASC,PRESTIGE,74551,SWITCH KNOB BLACK GRACE,PART,0,0,0,0,0,0,0
"TTK PRESTIGE LTD, VIJAYAWADA",SRI SRINIVASA ENTERPRISES,1000025025,ASC,PRESTIGE,74552,SWITCH PANEL BLACK GRACE,PART,0,0,0,0,0,0,0
"TTK PRESTIGE LTD, VIJAYAWADA",SRI SRINIVASA ENTERPRISES,1000025025,ASC,PRESTIGE,74563,MAIN PCB ASSLY PIRC 1.0,PART,0,0,0,0,0,0,0
"TTK PRESTIGE LTD, VIJAYAWADA",SRI SRINIVASA ENTERPRISES,1000025025,ASC,PRESTIGE,74564,CONTROL PCB PIRC 1.0,PART,0,0,0,0,0,0,0
"TTK PRESTIGE LTD, VIJAYAWADA",SRI SRINIVASA ENTERPRISES,1000025025,ASC,PRESTIGE,74567,FAN 18V DC  PIRC 1.0,PART,0,0,0,0,0,0,0
"TTK PRESTIGE LTD, VIJAYAWADA",SRI SRINIVASA ENTERPRISES,1000025025,ASC,PRESTIGE,74571,INFRARED HEATING PLATE PIRC 1.0,PART,0,0,0,0,0,0,0
"TTK PRESTIGE LTD, VIJAYAWADA",SRI SRINIVASA ENTERPRISES,1000025025,ASC,PRESTIGE,74593,CONTROL PCB NUTRIFRY AIR FRYER,PART,0,0,0,0,0,0,0
"TTK PRESTIGE LTD, VIJAYAWADA",SRI SRINIVASA ENTERPRISES,1000025025,ASC,PRESTIGE,74604,MOTOR NUTRIFRYAIR FRYER,PART,0,0,0,0,0,0,0
"TTK PRESTIGE LTD, VIJAYAWADA",SRI SRINIVASA ENTERPRISES,1000025025,ASC,PRESTIGE,74606,MICROSWITCH NUTRIFRYAIR FRYER,PART,0,0,0,0,0,0,0
"TTK PRESTIGE LTD, VIJAYAWADA",SRI SRINIVASA ENTERPRISES,1000025025,ASC,PRESTIGE,74607,MICROSWITCH HOLDER NUTRIFRYAIR FRYER,PART,0,0,0,0,0,0,0
"TTK PRESTIGE LTD, VIJAYAWADA",SRI SRINIVASA ENTERPRISES,1000025025,ASC,PRESTIGE,74625,KNOB QUADRA/VECTRA,PART,0,0,0,0,0,0,0
"TTK PRESTIGE LTD, VIJAYAWADA",SRI SRINIVASA ENTERPRISES,1000025025,ASC,PRESTIGE,74626,DIAL PLATE QUADRA/VECTRA,PART,0,0,0,0,0,0,0
"TTK PRESTIGE LTD, VIJAYAWADA",SRI SRINIVASA ENTERPRISES,1000025025,ASC,PRESTIGE,74652,MAIN BODY NUTRI MIX 2.0,PART,0,0,0,0,0,0,0
"TTK PRESTIGE LTD, VIJAYAWADA",SRI SRINIVASA ENTERPRISES,1000025025,ASC,PRESTIGE,74680,SOLE PLATE MAGNITE IRON,PART,0,0,0,0,0,0,0
"TTK PRESTIGE LTD, VIJAYAWADA",SRI SRINIVASA ENTERPRISES,1000025025,ASC,PRESTIGE,74702,PCB MULTICHEF AF 6.5L,PART,0,0,0,0,0,0,0
"TTK PRESTIGE LTD, VIJAYAWADA",SRI SRINIVASA ENTERPRISES,1000025025,ASC,PRESTIGE,74704,FAN MULTICHEF AF 6.5L,PART,0,0,0,0,0,0,0
"TTK PRESTIGE LTD, VIJAYAWADA",SRI SRINIVASA ENTERPRISES,1000025025,ASC,PRESTIGE,74711,MOTOR MULTICHEF AF 6.5L,PART,0,0,0,0,0,0,0
"TTK PRESTIGE LTD, VIJAYAWADA",SRI SRINIVASA ENTERPRISES,1000025025,ASC,PRESTIGE,74712,FUSE MULTICHEF AF 6.5L,PART,0,0,0,0,0,0,0
"TTK PRESTIGE LTD, VIJAYAWADA",SRI SRINIVASA ENTERPRISES,1000025025,ASC,PRESTIGE,74713,MICRO SWITCH MULTICHEF AF 6.5L,PART,0,0,0,0,0,0,0
"TTK PRESTIGE LTD, VIJAYAWADA",SRI SRINIVASA ENTERPRISES,1000025025,ASC,PRESTIGE,74714,HEATING COIL MULTICHEF AF 6.5L,PART,0,0,0,0,0,0,0
"TTK PRESTIGE LTD, VIJAYAWADA",SRI SRINIVASA ENTERPRISES,1000025025,ASC,PRESTIGE,74718,SENSORS MULTICHEF AF 6.5L,PART,0,0,0,0,0,0,0
"TTK PRESTIGE LTD, VIJAYAWADA",SRI SRINIVASA ENTERPRISES,1000025025,ASC,PRESTIGE,74728,MOTOR PVG 1.5/2.0 NEW TYPE SERIAL-LW,PART,0,0,0,0,0,0,0
"TTK PRESTIGE LTD, VIJAYAWADA",SRI SRINIVASA ENTERPRISES,1000025025,ASC,PRESTIGE,74757,MAIN PCB ASLY PIRC 2.0/PIRC 3.0,PART,0,0,0,0,0,0,0
"TTK PRESTIGE LTD, VIJAYAWADA",SRI SRINIVASA ENTERPRISES,1000025025,ASC,PRESTIGE,74758,CONTROL PCB  PIRC 2.0,PART,0,0,1,0,1,0,0
"TTK PRESTIGE LTD, VIJAYAWADA",SRI SRINIVASA ENTERPRISES,1000025025,ASC,PRESTIGE,74760,INFRARED HEATING PLATE PIRC 2.0/3.0,PART,0,0,0,0,0,0,0
"TTK PRESTIGE LTD, VIJAYAWADA",SRI SRINIVASA ENTERPRISES,1000025025,ASC,PRESTIGE,74770,CONTROL PCB SPARK,PART,0,0,0,0,0,0,0
"TTK PRESTIGE LTD, VIJAYAWADA",SRI SRINIVASA ENTERPRISES,1000025025,ASC,PRESTIGE,74827,BOWL MAIN SHAFT ASSLY-ENDURA PRO/AMICA,PART,0,0,0,0,0,0,0
"TTK PRESTIGE LTD, VIJAYAWADA",SRI SRINIVASA ENTERPRISES,1000025025,ASC,PRESTIGE,74831,BOTTOM COVER VERNA WG,PART,0,0,0,0,0,0,0
"TTK PRESTIGE LTD, VIJAYAWADA",SRI SRINIVASA ENTERPRISES,1000025025,ASC,PRESTIGE,74841,MAIN PCB IRIS PLUS 1600W,PART,0,0,0,0,0,0,0
"TTK PRESTIGE LTD, VIJAYAWADA",SRI SRINIVASA ENTERPRISES,1000025025,ASC,PRESTIGE,74862,MIX-O-KEEP JAR SILICON WASHER DL/END PRO,PART,0,0,0,0,0,0,0
"TTK PRESTIGE LTD, VIJAYAWADA",SRI SRINIVASA ENTERPRISES,1000025025,ASC,PRESTIGE,74863,MOTOR FOR IRIS PRO/ASTRA 750 W,PART,0,0,0,0,0,0,0
"TTK PRESTIGE LTD, VIJAYAWADA",SRI SRINIVASA ENTERPRISES,1000025025,ASC,PRESTIGE,74901,BURNER-SMAL EFFICIA GS,PART,0,0,0,0,0,0,0
"TTK PRESTIGE LTD, VIJAYAWADA",SRI SRINIVASA ENTERPRISES,1000025025,ASC,PRESTIGE,74902,BURNER MEDIUM EFFICIA GS,PART,0,0,0,0,0,0,0
"TTK PRESTIGE LTD, VIJAYAWADA",SRI SRINIVASA ENTERPRISES,1000025025,ASC,PRESTIGE,74903,MIX TUBE SMALL EFFICIA GS,PART,0,0,0,0,0,0,0
"TTK PRESTIGE LTD, VIJAYAWADA",SRI SRINIVASA ENTERPRISES,1000025025,ASC,PRESTIGE,74904,MIX TUBE MEDIUM EFFICIA GS,PART,0,0,0,1,0,1,0
"TTK PRESTIGE LTD, VIJAYAWADA",SRI SRINIVASA ENTERPRISES,1000025025,ASC,PRESTIGE,74905,JET 51L/H EFFICIA GS,PART,0,0,0,0,0,0,0
"TTK PRESTIGE LTD, VIJAYAWADA",SRI SRINIVASA ENTERPRISES,1000025025,ASC,PRESTIGE,74906,JET 71 L/H EFFICIA GS,PART,0,0,0,0,0,0,0
"TTK PRESTIGE LTD, VIJAYAWADA",SRI SRINIVASA ENTERPRISES,1000025025,ASC,PRESTIGE,74908,DRIP TRAY MEDIUM EFFICIA GS,PART,0,0,0,0,0,0,0
"TTK PRESTIGE LTD, VIJAYAWADA",SRI SRINIVASA ENTERPRISES,1000025025,ASC,PRESTIGE,74909,DRIP TRAY SMALL EFFICIA GS,PART,0,0,0,0,0,0,0
"TTK PRESTIGE LTD, VIJAYAWADA",SRI SRINIVASA ENTERPRISES,1000025025,ASC,JUDGE,75004,CONTROL PCB JEA 200-SP08L-SP10/OPTIM,PART,0,0,0,0,0,0,0
"TTK PRESTIGE LTD, VIJAYAWADA",SRI SRINIVASA ENTERPRISES,1000025025,ASC,JUDGE,75218,MICRO SWITCH JCJ 01 JUDGE,PART,0,0,2,0,2,0,0
"TTK PRESTIGE LTD, VIJAYAWADA",SRI SRINIVASA ENTERPRISES,1000025025,ASC,JUDGE,75590,MAIN PCB OPTIMA 1200W,PART,0,0,0,0,0,0,0
"TTK PRESTIGE LTD, VIJAYAWADA",SRI SRINIVASA ENTERPRISES,1000025025,ASC,JUDGE,75643,MAIN PCB JUDGE INSTA AIR AIRFRYER,PART,0,0,1,0,1,0,0
"TTK PRESTIGE LTD, VIJAYAWADA",SRI SRINIVASA ENTERPRISES,1000025025,ASC,JUDGE,75647,FAN MOTOR JUDGE INSTA AIR AIRFRYER,PART,0,0,1,0,1,0,0
"TTK PRESTIGE LTD, VIJAYAWADA",SRI SRINIVASA ENTERPRISES,1000025025,ASC,JUDGE,75659,MICROSWITCH JUDGE INSTA AIR AIRFRYER,PART,0,0,1,0,1,0,0
"TTK PRESTIGE LTD, VIJAYAWADA",SRI SRINIVASA ENTERPRISES,1000025025,ASC,PRESTIGE,76052,MAIN PCB RIO/IR ECO/1/PL/VIS/S3.5L1 W/IC,PART,0,0,1,0,1,0,0
"TTK PRESTIGE LTD, VIJAYAWADA",SRI SRINIVASA ENTERPRISES,1000025025,ASC,PRESTIGE,76061,MAIN PCB PIC20/N/WZ/22/BL/AN/P/XP/OPWOIC,PART,0,0,0,0,0,0,0
"TTK PRESTIGE LTD, VIJAYAWADA",SRI SRINIVASA ENTERPRISES,1000025025,ASC,PRESTIGE,76157,THERMOSTAT/CONNECTOR SET PKOSS MODELS,PART,0,0,5,0,5,0,0
